Disease	Disease_id	Gene	Gene_id	UniProt	Gene_Full_Name	Protein_Class	N_diseases_g	DSI_g	DPI_g	pLI	Score_gda	EL_gda	EI_gda	N_PMIDs	N_SNPs_gda	First_Ref	Last_Ref
Renal carcinoma	C1378703	FLCN	201163	Q8NFG4	folliculin		160	0.537	0.885	0.78892	0.6	strong	1.0	16	0	2002	2018
Renal carcinoma	C1378703	FH	2271	P07954	fumarate hydratase	Enzyme	231	0.489	0.846	0.08824	0.4		0.962	26	0	2003	2020
Renal carcinoma	C1378703	VHL	7428	P40337	von Hippel-Lindau tumor suppressor	Enzyme	372	0.443	0.846	0.079515	0.4		0.973	37	1	1994	2019
Renal carcinoma	C1378703	BAP1	8314	Q92560	BRCA1 associated protein 1	Enzyme	299	0.454	0.731	0.99443	0.35		0.8	5	0	2015	2019
Renal carcinoma	C1378703	NF2	4771	P35240	neurofibromin 2		312	0.468	0.885	1.0	0.31		1.0	1	0	2019	2019
Renal carcinoma	C1378703	FOSL2	2355	P15408	FOS like 2, AP-1 transcription factor subunit	Transcription factor	83	0.595	0.692	0.98293	0.2		1.0	1	0	1997	1997
Renal carcinoma	C1378703	JUND	3727	P17535	JunD proto-oncogene, AP-1 transcription factor subunit	Transcription factor	242	0.475	0.808	0.70054	0.2		1.0	1	0	1997	1997
Renal carcinoma	C1378703	JUNB	3726	P17275	JunB proto-oncogene, AP-1 transcription factor subunit	Transcription factor	264	0.467	0.769	0.86299	0.2		1.0	1	0	1997	1997
Renal carcinoma	C1378703	JUN	3725	P05412	Jun proto-oncogene, AP-1 transcription factor subunit	Transcription factor	344	0.442	0.885	0.05962	0.2		1.0	1	0	1997	1997
Renal carcinoma	C1378703	FOSL1	8061	P15407	FOS like 1, AP-1 transcription factor subunit	Transcription factor	150	0.519	0.846	0.15849	0.2		1.0	1	0	1997	1997
Renal carcinoma	C1378703	MTOR	2475	P42345	mechanistic target of rapamycin kinase	Kinase	960	0.343	0.885	1.0	0.16		1.0	8	4	2011	2019
Renal carcinoma	C1378703	EGFR	1956	P00533	epidermal growth factor receptor	Kinase	1394	0.295	0.885	0.36837	0.1		1.0	10	0	1988	2019
Renal carcinoma	C1378703	MIR21	406991		microRNA 21		726	0.363	0.846		0.1		1.0	11	0	2012	2020
Renal carcinoma	C1378703	CD274	29126	Q9NZQ7	CD274 molecule	Receptor	1011	0.324	0.923	0.01916	0.1		1.0	11	0	2014	2020
Renal carcinoma	C1378703	TFE3	7030	P19532	transcription factor binding to IGHM enhancer 3		118	0.542	0.654	0.97985	0.1		1.0	18	0	2001	2018
Renal carcinoma	C1378703	LARP6	55323	Q9BRS8	La ribonucleoprotein 6, translational regulator	Nucleic acid binding	51	0.631	0.5	0.66874	0.1		0.875	16	0	1992	2019
Renal carcinoma	C1378703	IL2	3558	P60568	interleukin 2		950	0.336	0.885	0.47968	0.1		1.0	11	0	1992	2019
Renal carcinoma	C1378703	VEGFA	7422	P15692	vascular endothelial growth factor A	Signaling	1899	0.266	0.923	2.4085e-05	0.1		0.923	13	2	2009	2018
Renal carcinoma	C1378703	MET	4233	P08581	MET proto-oncogene, receptor tyrosine kinase	Kinase	594	0.38	0.846	0.96998	0.09		1.0	9	4	2000	2019
Renal carcinoma	C1378703	TP53	7157	P04637	tumor protein p53	Transcription factor	2494	0.236	0.962	0.53235	0.08		1.0	8	2	1993	2015
Renal carcinoma	C1378703	CTNNB1	1499	P35222	catenin beta 1		1368	0.303	0.885	0.99999	0.08		1.0	8	0	2000	2019
Renal carcinoma	C1378703	HIF1A	3091	Q16665	hypoxia inducible factor 1 subunit alpha	Transcription factor	1044	0.327	0.923	0.9777	0.08		1.0	8	0	2000	2013
Renal carcinoma	C1378703	EPAS1	2034	Q99814	endothelial PAS domain protein 1	Transcription factor	293	0.454	0.731	0.5961	0.07		1.0	7	0	2011	2019
Renal carcinoma	C1378703	CXCR4	7852	P61073	C-X-C motif chemokine receptor 4	G-protein coupled receptor	739	0.362	0.923	0.017804	0.07		1.0	7	0	2002	2017
Renal carcinoma	C1378703	MITF	4286	O75030	melanocyte inducing transcription factor		244	0.499	0.808	0.98119	0.06		1.0	6	0	2011	2019
Renal carcinoma	C1378703	BCL2	596	P10415	BCL2 apoptosis regulator	Signaling	1456	0.291	0.885	0.55903	0.06		1.0	6	0	2004	2016
Renal carcinoma	C1378703	MALAT1	378938		metastasis associated lung adenocarcinoma transcript 1		336	0.435	0.846		0.06		1.0	6	0	2014	2019
Renal carcinoma	C1378703	CA9	768	Q16790	carbonic anhydrase 9		226	0.483	0.731	1.3027e-09	0.06		1.0	6	0	2001	2019
Renal carcinoma	C1378703	TSC2	7249	P49815	TSC complex subunit 2	Enzyme modulator	410	0.439	0.808	1.0	0.05		1.0	5	0	1994	2019
Renal carcinoma	C1378703	PIK3CB	5291	P42338	phosphatidylinositol-4,5-bisphosphate 3-kinase catalytic subunit beta	Kinase	1083	0.322	0.885	0.99964	0.05		1.0	5	0	2007	2019
Renal carcinoma	C1378703	SPOP	8405	O43791	speckle type BTB/POZ protein		72	0.597	0.5	0.99922	0.05		1.0	5	0	2009	2019
Renal carcinoma	C1378703	PTEN	5728	P60484	phosphatase and tensin homolog	Enzyme	1349	0.305	0.923	0.25651	0.05		1.0	5	0	1998	2018
Renal carcinoma	C1378703	TFEB	7942	P19484	transcription factor EB		150	0.527	0.731	0.89931	0.05		1.0	5	0	2012	2019
Renal carcinoma	C1378703	TNFSF10	8743	P50591	TNF superfamily member 10	Signaling	445	0.413	0.885	0.13495	0.05		0.8	5	0	2008	2018
Renal carcinoma	C1378703	PIK3CG	5294	P48736	phosphatidylinositol-4,5-bisphosphate 3-kinase catalytic subunit gamma	Kinase	1101	0.32	0.885	1.4076e-06	0.05		1.0	5	0	2007	2019
Renal carcinoma	C1378703	PIK3CD	5293	O00329	phosphatidylinositol-4,5-bisphosphate 3-kinase catalytic subunit delta	Kinase	1119	0.319	0.885	0.99999	0.05		1.0	5	0	2007	2019
Renal carcinoma	C1378703	PIK3CA	5290	P42336	phosphatidylinositol-4,5-bisphosphate 3-kinase catalytic subunit alpha	Kinase	1511	0.292	0.923	1.0	0.05		1.0	5	0	2007	2019
Renal carcinoma	C1378703	RNF139	11236	Q8WU17	ring finger protein 139		36	0.67	0.423	0.53807	0.04		1.0	4	0	2002	2013
Renal carcinoma	C1378703	IFNA1	3439	P01562	interferon alpha 1		662	0.371	0.923		0.04		1.0	4	0	1994	2011
Renal carcinoma	C1378703	MYC	4609	P01106	MYC proto-oncogene, bHLH transcription factor	Transcription factor	821	0.344	0.923	0.99801	0.04		1.0	4	0	1986	2016
Renal carcinoma	C1378703	AKT1	207	P31749	AKT serine/threonine kinase 1	Kinase	1250	0.311	0.962	0.9759	0.04		1.0	4	0	2009	2018
Renal carcinoma	C1378703	EPO	2056	P01588	erythropoietin		646	0.381	0.885	0.01125	0.04		1.0	4	0	2002	2016
Renal carcinoma	C1378703	ABCB1	5243	P08183	ATP binding cassette subfamily B member 1	Transporter	933	0.344	0.885	1.2564e-05	0.04		1.0	4	1	1987	2012
Renal carcinoma	C1378703	SDHB	6390	P21912	succinate dehydrogenase complex iron sulfur subunit B	Enzyme	316	0.474	0.846	0.00024397	0.04		1.0	4	0	2012	2017
Renal carcinoma	C1378703	IFNA13	3447	P01562	interferon alpha 13		646	0.374	0.923		0.04		1.0	4	0	1994	2011
Renal carcinoma	C1378703	PBRM1	55193	Q86U86	polybromo 1	Epigenetic regulator	105	0.566	0.615	1.0	0.03		1.0	3	0	2011	2019
Renal carcinoma	C1378703	AMER1	139285	Q5JTC6	APC membrane recruitment protein 1		134	0.57	0.654	0.8538	0.03		1.0	3	0	2014	2018
Renal carcinoma	C1378703	CFLAR	8837	O15519	CASP8 and FADD like apoptosis regulator	Enzyme	215	0.485	0.846	0.99967	0.03		1.0	3	0	2016	2019
Renal carcinoma	C1378703	BHD	50947		Beukes familial hip dysplasia		31	0.678	0.385		0.03		1.0	3	0	2004	2010
Renal carcinoma	C1378703	CAV1	857	Q03135	caveolin 1	Enzyme modulator	633	0.388	0.885	0.008274	0.03		1.0	3	0	2011	2017
Renal carcinoma	C1378703	B2M	567	P61769	beta-2-microglobulin	Immune response	352	0.447	0.846	0.56167	0.03		1.0	3	0	1992	2013
Renal carcinoma	C1378703	CD44	960	P16070	CD44 molecule (Indian blood group)		711	0.363	0.962	2.4476e-07	0.03		1.0	3	0	1995	2019
Renal carcinoma	C1378703	FNIP2	57600	Q9P278	folliculin interacting protein 2		15	0.76	0.231	1.0	0.03		1.0	3	0	2013	2017
Renal carcinoma	C1378703	TGFB1	7040	P01137	transforming growth factor beta 1	Signaling	1558	0.287	0.962	0.03685	0.03		1.0	3	0	2003	2018
Renal carcinoma	C1378703	CSF2	1437	P04141	colony stimulating factor 2	Signaling	1028	0.33	0.962	0.83468	0.03		1.0	3	0	2000	2003
Renal carcinoma	C1378703	TBC1D9	23158	Q6ZT07	TBC1 domain family member 9	Enzyme	491	0.399	0.846	2.8039e-05	0.03		1.0	3	0	1987	2012
Renal carcinoma	C1378703	MIR106B	406900		microRNA 106b		143	0.523	0.808		0.03		1.0	3	0	2016	2019
Renal carcinoma	C1378703	CDKN1B	1027	P46527	cyclin dependent kinase inhibitor 1B		454	0.409	0.769	0.62376	0.03		1.0	3	0	2004	2018
Renal carcinoma	C1378703	JADE1	79960	Q6IE81	jade family PHD finger 1	Transcription factor	18	0.743	0.308	0.99885	0.03		1.0	3	0	2004	2019
Renal carcinoma	C1378703	SARDH	1757	Q9UL12	sarcosine dehydrogenase	Enzyme	166	0.523	0.846	5.2689e-16	0.03		1.0	3	0	2012	2017
Renal carcinoma	C1378703	PTHLH	5744	P12272	parathyroid hormone like hormone		321	0.453	0.846	0.81146	0.03		1.0	3	0	1992	1997
Renal carcinoma	C1378703	MIR122	406906		microRNA 122		250	0.468	0.808		0.03		1.0	3	0	2013	2019
Renal carcinoma	C1378703	ACKR3	57007	P25106	atypical chemokine receptor 3	G-protein coupled receptor	400	0.428	0.885	0.39134	0.03		1.0	3	0	2010	2017
Renal carcinoma	C1378703	MIR210	406992		microRNA 210		277	0.46	0.846		0.03		1.0	3	0	2010	2016
Renal carcinoma	C1378703	HAVCR1	26762	Q96D42	hepatitis A virus cellular receptor 1		217	0.489	0.885	8.5105e-07	0.03		1.0	3	0	2014	2018
Renal carcinoma	C1378703	FHIT	2272	P49789	fragile histidine triad diadenosine triphosphatase		337	0.444	0.846	0.0057055	0.03		0.667	3	0	1996	2001
Renal carcinoma	C1378703	CTLA4	1493	P16410	cytotoxic T-lymphocyte associated protein 4		722	0.369	0.923	0.94085	0.03		0.667	3	0	2015	2019
Renal carcinoma	C1378703	MDM2	4193	Q00987	MDM2 proto-oncogene	Nucleic acid binding	702	0.362	0.846	0.99981	0.03		1.0	3	0	2007	2016
Renal carcinoma	C1378703	RASSF1	11186	Q9NS23	Ras association domain family member 1	Enzyme modulator	400	0.42	0.808	4.9255e-06	0.03		1.0	3	0	2004	2016
Renal carcinoma	C1378703	SORD	6652	Q00796	sorbitol dehydrogenase	Enzyme	113	0.552	0.769	4.4938e-08	0.03		1.0	3	0	2012	2017
Renal carcinoma	C1378703	SDS	10993	P20132	serine dehydratase	Enzyme	139	0.534	0.769	0.00013923	0.03		1.0	3	0	2012	2017
Renal carcinoma	C1378703	SLC16A3	9123	O15427	solute carrier family 16 member 3	Transporter	122	0.542	0.731	0.00029385	0.03		1.0	3	0	2012	2019
Renal carcinoma	C1378703	RALBP1	10928	Q15311	ralA binding protein 1	Enzyme modulator	134	0.536	0.654	0.14667	0.03		1.0	3	0	2009	2017
Renal carcinoma	C1378703	GSTT1	2952	P30711	glutathione S-transferase theta 1		541	0.393	0.923	0.00014834	0.03		1.0	3	0	2007	2018
Renal carcinoma	C1378703	GSTM1	2944	P09488	glutathione S-transferase mu 1		627	0.38	0.923	0.0020641	0.03		1.0	3	0	2007	2018
Renal carcinoma	C1378703	KDR	3791	P35968	kinase insert domain receptor	Kinase	623	0.378	0.885	0.99982	0.03		1.0	3	0	2015	2015
Renal carcinoma	C1378703	SETD2	29072	Q9BYW2	SET domain containing 2, histone lysine methyltransferase	Epigenetic regulator	447	0.424	0.846	1.0	0.03		1.0	3	0	2011	2015
Renal carcinoma	C1378703	HLA-G	3135	P17693	major histocompatibility complex, class I, G		279	0.461	0.769	1.365e-11	0.03		1.0	3	0	2001	2004
Renal carcinoma	C1378703	STAT3	6774	P40763	signal transducer and activator of transcription 3	Nucleic acid binding	1193	0.32	0.923	1.0	0.03		1.0	3	0	2013	2018
Renal carcinoma	C1378703	TNF	7124	P01375	tumor necrosis factor	Signaling	2724	0.231	0.962	0.8033	0.03		1.0	3	0	2009	2017
Renal carcinoma	C1378703	CXCL12	6387	P48061	C-X-C motif chemokine ligand 12		626	0.379	0.846	0.11851	0.03		0.667	3	0	2002	2016
Renal carcinoma	C1378703	SLC16A4	9122	O15374	solute carrier family 16 member 4	Transporter	114	0.55	0.731	9.6707e-08	0.03		1.0	3	0	2012	2019
Renal carcinoma	C1378703	HSF1	3297	Q00613	heat shock transcription factor 1	Transcription factor	185	0.507	0.769	0.74762	0.02		1.0	2	0	2012	2015
Renal carcinoma	C1378703	PRKN	5071	O60260	parkin RBR E3 ubiquitin protein ligase	Enzyme	409	0.431	0.846	6.9346e-07	0.02		1.0	2	0	2002	2004
Renal carcinoma	C1378703	PDCD1	5133	Q15116	programmed cell death 1		497	0.402	0.846	0.41706	0.02		1.0	2	0	2018	2018
Renal carcinoma	C1378703	NDUFA13	51079	Q9P0J0	NADH:ubiquinone oxidoreductase subunit A13	Enzyme	131	0.556	0.692	3.8049e-06	0.02		1.0	2	0	2010	2018
Renal carcinoma	C1378703	ZEB2	9839	O60315	zinc finger E-box binding homeobox 2	Transcription factor	292	0.471	0.808	1.0	0.02		1.0	2	0	2013	2015
Renal carcinoma	C1378703	EZH2	2146	Q15910	enhancer of zeste 2 polycomb repressive complex 2 subunit	Epigenetic regulator	653	0.376	0.885	1.0	0.02		1.0	2	0	2013	2017
Renal carcinoma	C1378703	MUL1	79594	Q969V5	mitochondrial E3 ubiquitin protein ligase 1		241	0.473	0.808	1.9108e-06	0.02		1.0	2	0	2002	2004
Renal carcinoma	C1378703	MIR155	406947		microRNA 155		584	0.384	0.885		0.02		1.0	2	0	2010	2017
Renal carcinoma	C1378703	CALM1	801	P0DP23;P0DP24;P0DP25	calmodulin 1	Calcium-binding protein	253	0.472	0.808	0.94473	0.02		1.0	2	0	1999	2011
Renal carcinoma	C1378703	ALB	213	P02768	albumin	Transporter	1198	0.317	0.962	0.64329	0.02		1.0	2	0	2018	2018
Renal carcinoma	C1378703	ZBTB7C	201501	A1YPR0	zinc finger and BTB domain containing 7C		39	0.691	0.577	0.16087	0.02		1.0	2	0	2012	2017
Renal carcinoma	C1378703	S100A8	6279	P05109	S100 calcium binding protein A8	Calcium-binding protein	369	0.43	0.962	0.13761	0.02		1.0	2	0	2014	2015
Renal carcinoma	C1378703	DUXAP8	503637		double homeobox A pseudogene 8		24	0.7	0.269		0.02		1.0	2	0	2018	2019
Renal carcinoma	C1378703	HNF4A	3172	P41235	hepatocyte nuclear factor 4 alpha	Nuclear receptor	340	0.461	0.808	0.15285	0.02		1.0	2	0	2008	2013
Renal carcinoma	C1378703	IFNG	3458	P01579	interferon gamma		1519	0.288	0.962	0.47156	0.02		1.0	2	0	1992	1999
Renal carcinoma	C1378703	VIM	7431	P08670	vimentin		644	0.372	0.846	0.71255	0.02		1.0	2	0	1999	2019
Renal carcinoma	C1378703	KIT	3815	P10721	KIT proto-oncogene, receptor tyrosine kinase	Kinase	715	0.366	0.808	0.98087	0.02		1.0	2	0	2003	2013
Renal carcinoma	C1378703	TGFA	7039	P01135	transforming growth factor alpha	Signaling	376	0.432	0.885	0.71981	0.02		1.0	2	0	2008	2009
Renal carcinoma	C1378703	KLK3	354	P07288	kallikrein related peptidase 3	Enzyme	358	0.443	0.885	4.4271e-06	0.02		1.0	2	0	2004	2019
Renal carcinoma	C1378703	PCLAF	9768	Q15004	PCNA clamp associated factor		125	0.538	0.769	0.16276	0.02		1.0	2	0	2014	2016
Renal carcinoma	C1378703	TCF21	6943	O43680	transcription factor 21		143	0.537	0.692	0.82553	0.02		1.0	2	0	2012	2018
Renal carcinoma	C1378703	IL6	3569	P05231	interleukin 6		2367	0.248	0.962	0.31536	0.02		1.0	2	0	2006	2015
Renal carcinoma	C1378703	GABPA	2551	Q06546	GA binding protein transcription factor subunit alpha	Transcription factor	632	0.379	0.885	0.99812	0.02		1.0	2	0	2017	2020
Renal carcinoma	C1378703	DKK3	27122	Q9UBP4	dickkopf WNT signaling pathway inhibitor 3		186	0.5	0.731	4.1049e-06	0.02		1.0	2	0	2011	2017
Renal carcinoma	C1378703	IL10	3586	P22301	interleukin 10		1679	0.281	0.923	0.0058874	0.02		1.0	2	0	1995	2005
Renal carcinoma	C1378703	SPP1	6696	P10451	secreted phosphoprotein 1		824	0.353	0.885	2.146e-06	0.02		0.5	2	0	2004	2020
Renal carcinoma	C1378703	CLOCK	9575	O15516	clock circadian regulator		309	0.463	0.885	0.99957	0.02		1.0	2	0	2012	2014
Renal carcinoma	C1378703	CAMKMT	79823	Q7Z624	calmodulin-lysine N-methyltransferase		185	0.51	0.808	1.3806e-15	0.02		1.0	2	0	1999	2011
Renal carcinoma	C1378703	ABCG2	9429	Q9UNQ0	ATP binding cassette subfamily G member 2 (Junior blood group)	Transporter	420	0.419	0.885	2.0957e-32	0.02		1.0	2	0	2006	2017
Renal carcinoma	C1378703	VDR	7421	P11473	vitamin D receptor	Nuclear receptor	852	0.352	0.885	1.6787e-05	0.02		1.0	2	0	2008	2014
Renal carcinoma	C1378703	KDM6B	23135	O15054	lysine demethylase 6B	Epigenetic regulator	173	0.514	0.808	1.0	0.02		1.0	2	0	2016	2017
Renal carcinoma	C1378703	FN1	2335	P02751	fibronectin 1	Signaling	724	0.365	0.962	0.0014045	0.02		1.0	2	0	1992	2010
Renal carcinoma	C1378703	FOLH1	2346	Q04609	folate hydrolase 1	Enzyme	311	0.453	0.885	6.1977e-09	0.02		0.5	2	0	1999	2000
Renal carcinoma	C1378703	PVT1	5820		Pvt1 oncogene		190	0.495	0.731		0.02		1.0	2	0	2016	2016
Renal carcinoma	C1378703	SNAI1	6615	O95863	snail family transcriptional repressor 1		243	0.474	0.808	0.21754	0.02		1.0	2	0	2014	2017
Renal carcinoma	C1378703	SMARCA1	6594	P28370	SWI/SNF related, matrix associated, actin dependent regulator of chromatin, subfamily a, member 1	Enzyme	183	0.504	0.808	1.0	0.02		1.0	2	0	2011	2013
Renal carcinoma	C1378703	MMP1	4312	P03956	matrix metallopeptidase 1	Enzyme	589	0.385	0.885	7.7197e-18	0.02		1.0	2	0	2008	2010
Renal carcinoma	C1378703	MAP1LC3C	440738	Q9BXW4	microtubule associated protein 1 light chain 3 gamma		13	0.792	0.385	5.8124e-06	0.02		1.0	2	0	2012	2015
Renal carcinoma	C1378703	CASP1	834	P29466	caspase 1	Enzyme	444	0.413	0.885	3.5183e-05	0.02		1.0	2	0	2001	2009
Renal carcinoma	C1378703	PKM	5315	P14618	pyruvate kinase M1/2	Kinase	237	0.482	0.808	0.8549	0.02		1.0	2	0	2019	2019
Renal carcinoma	C1378703	MIR23B	407011		microRNA 23b		137	0.523	0.808		0.02		1.0	2	0	2010	2012
Renal carcinoma	C1378703	KDM3A	55818	Q9Y4C1	lysine demethylase 3A	Epigenetic regulator	77	0.599	0.654	0.99999	0.02		1.0	2	0	2011	2012
Renal carcinoma	C1378703	CBLL2	158506	Q8N7E2	Cbl proto-oncogene like 2	Enzyme	235	0.476	0.808		0.02		1.0	2	0	2002	2004
Renal carcinoma	C1378703	CALM3	808	P0DP23;P0DP24;P0DP25	calmodulin 3	Calcium-binding protein	215	0.485	0.846	0.92749	0.02		1.0	2	0	1999	2011
Renal carcinoma	C1378703	CDKN2A	1029	P42771;Q8N726	cyclin dependent kinase inhibitor 2A		1314	0.3	0.885	0.39474	0.02		1.0	2	0	2004	2008
Renal carcinoma	C1378703	MCAM	4162	P43121	melanoma cell adhesion molecule	Cell adhesion	169	0.514	0.731	0.00015954	0.02		1.0	2	0	2006	2013
Renal carcinoma	C1378703	PROM1	8842	O43490	prominin 1	Transporter	477	0.41	0.846	1.9485e-22	0.02		1.0	2	0	2005	2010
Renal carcinoma	C1378703	CASP3	836	P42574	caspase 3	Enzyme	819	0.351	0.923	0.10017	0.02		1.0	2	0	2006	2018
Renal carcinoma	C1378703	COPS5	10987	Q92905	COP9 signalosome subunit 5	Enzyme	101	0.566	0.769	0.99925	0.02		1.0	2	0	2002	2005
Renal carcinoma	C1378703	FBXW7	55294	Q969H0	F-box and WD repeat domain containing 7	Enzyme modulator	257	0.465	0.808	0.99949	0.02		1.0	2	0	2015	2017
Renal carcinoma	C1378703	NFE2L2	4780	Q16236	nuclear factor, erythroid 2 like 2	Enzyme	823	0.357	0.885	0.0035719	0.02		1.0	2	0	2017	2020
Renal carcinoma	C1378703	SQSTM1	8878	Q13501	sequestosome 1		470	0.428	0.885	0.00086035	0.02		1.0	2	0	2013	2020
Renal carcinoma	C1378703	KRIT1	889	O00522	KRIT1 ankyrin repeat containing		201	0.5	0.808	0.00069333	0.02		1.0	2	0	1999	2011
Renal carcinoma	C1378703	TCHP	84260	Q9BT92	trichoplein keratin filament binding		90	0.57	0.692	1.8026e-16	0.02		1.0	2	0	2013	2019
Renal carcinoma	C1378703	EPCAM	4072	P16422	epithelial cell adhesion molecule		328	0.451	0.885	1.2844e-07	0.02		1.0	2	0	2017	2020
Renal carcinoma	C1378703	CALM2	805	P0DP23;P0DP24;P0DP25	calmodulin 2	Calcium-binding protein	252	0.472	0.808	0.92086	0.02		1.0	2	0	1999	2011
Renal carcinoma	C1378703	KLF6	1316	Q99612	Kruppel like factor 6	Nucleic acid binding	204	0.501	0.846	0.97946	0.02		1.0	2	0	2008	2019
Renal carcinoma	C1378703	MIR183	406959		microRNA 183		190	0.494	0.885		0.02		1.0	2	0	2014	2015
Renal carcinoma	C1378703	PLIN2	123	Q99541	perilipin 2	Transporter	100	0.564	0.692	7.5281e-09	0.02		1.0	2	0	2005	2019
Renal carcinoma	C1378703	PIK3R1	5295	P27986	phosphoinositide-3-kinase regulatory subunit 1	Kinase	285	0.477	0.885	0.99978	0.02		1.0	2	0	2017	2018
Renal carcinoma	C1378703	TMEM106A	113277	Q96A25	transmembrane protein 106A		11	0.839	0.192	1.8357e-07	0.02		1.0	2	0	2017	2018
Renal carcinoma	C1378703	CEACAM5	1048	P06731	CEA cell adhesion molecule 5		428	0.42	0.846	4.1625e-10	0.02		1.0	2	0	2017	2018
Renal carcinoma	C1378703	ABCC2	1244	Q92887	ATP binding cassette subfamily C member 2	Transporter	254	0.483	0.808	5.2025e-47	0.02		1.0	2	0	2005	2007
Renal carcinoma	C1378703	MIR182	406958		microRNA 182		211	0.486	0.846		0.02		1.0	2	0	2018	2018
Renal carcinoma	C1378703	MSH2	4436	P43246	mutS homolog 2	Nucleic acid binding	490	0.406	0.808	0.89539	0.02		1.0	2	0	2006	2012
Renal carcinoma	C1378703	DIO1	1733	P49895	iodothyronine deiodinase 1		51	0.638	0.769	0.58399	0.02		1.0	2	0	2009	2017
Renal carcinoma	C1378703	CUL1	8454	Q13616	cullin 1	Enzyme	58	0.617	0.615	1.0	0.02		1.0	2	0	2008	2016
Renal carcinoma	C1378703	MYBBP1A	10514	Q9BQG0	MYB binding protein 1a	Enzyme	31	0.695	0.615	5.2346e-42	0.02		1.0	2	0	2019	2019
Renal carcinoma	C1378703	BBS2	583	Q9BXC9	Bardet-Biedl syndrome 2		128	0.565	0.654	1.0328e-17	0.01		1.0	1	0	2000	2000
Renal carcinoma	C1378703	EPB41L5	57669	Q9HCM4	erythrocyte membrane protein band 4.1 like 5		16	0.78	0.346	0.020795	0.01		1.0	1	0	2016	2016
Renal carcinoma	C1378703	DLL4	54567	Q9NR61	delta like canonical Notch ligand 4		219	0.494	0.769	0.99982	0.01		1.0	1	0	2005	2005
Renal carcinoma	C1378703	PPARG	5468	P37231	peroxisome proliferator activated receptor gamma	Nuclear receptor	877	0.358	0.885	0.029194	0.01		1.0	1	0	2018	2018
Renal carcinoma	C1378703	MKS1	54903	Q9NXB0	MKS transition zone complex subunit 1	Extracellular structure	231	0.505	0.769	3.3768e-16	0.01		1.0	1	0	2018	2018
Renal carcinoma	C1378703	PYCR1	5831	P32322	pyrroline-5-carboxylate reductase 1		126	0.57	0.654	0.00019947	0.01		1.0	1	0	2016	2016
Renal carcinoma	C1378703	RAP1GAP	5909	P47736	RAP1 GTPase activating protein	Enzyme modulator	63	0.626	0.5	0.84376	0.01		1.0	1	0	2011	2011
Renal carcinoma	C1378703	RAB27B	5874	O00194	RAB27B, member RAS oncogene family		64	0.608	0.692	0.038714	0.01		1.0	1	0	2012	2012
Renal carcinoma	C1378703	PPP1R12C	54776	Q9BZL4	protein phosphatase 1 regulatory subunit 12C		53	0.626	0.654	0.086713	0.01		1.0	1	0	2018	2018
Renal carcinoma	C1378703	PIK3R2	5296	O00459	phosphoinositide-3-kinase regulatory subunit 2	Enzyme modulator	120	0.551	0.808	0.016273	0.01		1.0	1	0	2018	2018
Renal carcinoma	C1378703	CXCL16	58191	Q9H2A7	C-X-C motif chemokine ligand 16	Signaling	178	0.502	0.769	3.4546e-05	0.01		1.0	1	0	2009	2009
Renal carcinoma	C1378703	CCND1	595	P24385	cyclin D1	Enzyme modulator	859	0.344	0.923	0.89057	0.01		1.0	1	0	2008	2008
Renal carcinoma	C1378703	MIR455	619556		microRNA 455		92	0.559	0.769		0.01		1.0	1	0	2017	2017
Renal carcinoma	C1378703	MIR146B	574447		microRNA 146b		187	0.496	0.769		0.01		1.0	1	0	2018	2018
Renal carcinoma	C1378703	RPS15A	6210	P62244	ribosomal protein S15a	Nucleic acid binding	58	0.638	0.538	0.802	0.01		1.0	1	0	2019	2019
Renal carcinoma	C1378703	PKD1	5310	P98161	polycystin 1, transient receptor potential channel interacting		217	0.493	0.769	1.0	0.01		1.0	1	0	2016	2016
Renal carcinoma	C1378703	S100A1	6271	P23297	S100 calcium binding protein A1	Calcium-binding protein	396	0.421	0.846	0.0060044	0.01		0.0	1	0	2004	2004
Renal carcinoma	C1378703	PIN1	5300	Q13526	peptidylprolyl cis/trans isomerase, NIMA-interacting 1		212	0.488	0.769	0.74031	0.01		1.0	1	0	2011	2011
Renal carcinoma	C1378703	S100A11	6282	P31949	S100 calcium binding protein A11	Calcium-binding protein	103	0.556	0.731	0.0084662	0.01		1.0	1	0	2017	2017
Renal carcinoma	C1378703	S100B	6285	P04271	S100 calcium binding protein B	Calcium-binding protein	599	0.383	0.923	0.04387	0.01		0.0	1	0	2004	2004
Renal carcinoma	C1378703	CCL2	6347	P13500	C-C motif chemokine ligand 2	Signaling	1157	0.321	0.962	0.60786	0.01		1.0	1	0	2015	2015
Renal carcinoma	C1378703	SDHA	6389	P31040	succinate dehydrogenase complex flavoprotein subunit A	Enzyme	246	0.517	0.731	2.6088e-10	0.01		1.0	1	0	2015	2015
Renal carcinoma	C1378703	RORA	6095	P35398	RAR related orphan receptor A	Nuclear receptor	158	0.533	0.808	0.40096	0.01		1.0	1	0	2019	2019
Renal carcinoma	C1378703	ROCK1	6093	Q13464	Rho associated coiled-coil containing protein kinase 1	Kinase	157	0.513	0.731	1.0	0.01		1.0	1	0	2016	2016
Renal carcinoma	C1378703	RCN1	5954	Q15293	reticulocalbin 1	Calcium-binding protein	30	0.711	0.5	2.8821e-05	0.01		0.0	1	0	2004	2004
Renal carcinoma	C1378703	CCHCR1	54535	Q8TD31	coiled-coil alpha-helical rod protein 1		193	0.505	0.808	1.0122e-16	0.01		1.0	1	0	2017	2017
Renal carcinoma	C1378703	PLK1	5347	P53350	polo like kinase 1	Kinase	253	0.467	0.808	0.97851	0.01		1.0	1	0	2013	2013
Renal carcinoma	C1378703	PLAU	5328	P00749	plasminogen activator, urokinase	Enzyme	439	0.425	0.923	2.3058e-06	0.01		1.0	1	0	1984	1984
Renal carcinoma	C1378703	TMED7	51014	Q86XR7;Q9Y3B3	transmembrane p24 trafficking protein 7	Transporter	336	0.436	0.808	0.47966	0.01		1.0	1	0	2011	2011
Renal carcinoma	C1378703	PLAG1	5324	Q6DJT9	PLAG1 zinc finger	Transcription factor	219	0.493	0.808	0.99532	0.01		1.0	1	0	2019	2019
Renal carcinoma	C1378703	RELA	5970	Q04206	RELA proto-oncogene, NF-kB subunit	Transcription factor	483	0.406	0.885	0.99948	0.01		1.0	1	0	2019	2019
Renal carcinoma	C1378703	REN	5972	P00797	renin	Enzyme	721	0.37	0.923	2.4297e-07	0.01		1.0	1	0	2017	2017
Renal carcinoma	C1378703	RHEB	6009	Q15382	Ras homolog, mTORC1 binding	Enzyme modulator	53	0.631	0.577	0.98119	0.01		1.0	1	0	2015	2015
Renal carcinoma	C1378703	RIT2	6014	Q99578	Ras like without CAAX 2	Enzyme modulator	46	0.647	0.538	0.00063244	0.01		1.0	1	0	1992	1992
Renal carcinoma	C1378703	KLHL1	57626	Q9NR64	kelch like family member 1		100	0.569	0.654	7.1907e-07	0.01		1.0	1	0	2005	2005
Renal carcinoma	C1378703	PRODH	5625	O43272	proline dehydrogenase 1	Enzyme	85	0.612	0.692	5.3577e-12	0.01		1.0	1	0	2010	2010
Renal carcinoma	C1378703	MAPK1	5594	P28482	mitogen-activated protein kinase 1	Kinase	1059	0.33	0.923	0.99698	0.01		1.0	1	0	2019	2019
Renal carcinoma	C1378703	ZBTB7A	51341	O95365	zinc finger and BTB domain containing 7A	Transcription factor	103	0.564	0.769	0.95915	0.01		1.0	1	0	2019	2019
Renal carcinoma	C1378703	PSMA5	5686	P28066	proteasome 20S subunit alpha 5		34	0.674	0.538	0.99376	0.01		1.0	1	0	2017	2017
Renal carcinoma	C1378703	CHPT1	56994	Q8WUD6	choline phosphotransferase 1	Enzyme	253	0.474	0.846	0.00024252	0.01		1.0	1	0	2003	2003
Renal carcinoma	C1378703	PRKCA	5578	P17252	protein kinase C alpha	Kinase	368	0.44	0.846	0.3677	0.01		0.0	1	0	2017	2017
Renal carcinoma	C1378703	AP5M1	55745	Q9H0R1	adaptor related protein complex 5 subunit mu 1		28	0.695	0.385	1.3325e-09	0.01		1.0	1	0	2019	2019
Renal carcinoma	C1378703	SERPINA1	5265	P01009	serpin family A member 1	Enzyme modulator	482	0.41	0.923	6.8497e-08	0.01		1.0	1	0	2018	2018
Renal carcinoma	C1378703	CIAPIN1	57019	Q6FI81	cytokine induced apoptosis inhibitor 1		33	0.691	0.385	0.0019035	0.01		1.0	1	0	2010	2010
Renal carcinoma	C1378703	PSMD9	5715	O00233	proteasome 26S subunit, non-ATPase 9	Enzyme modulator	344	0.435	0.846	4.8603e-06	0.01		1.0	1	0	2011	2011
Renal carcinoma	C1378703	PLAC8	51316	Q9NZF1	placenta associated 8		48	0.641	0.654	0.11953	0.01		1.0	1	0	2020	2020
Renal carcinoma	C1378703	MAPK3	5595	P27361	mitogen-activated protein kinase 3	Kinase	647	0.379	0.885	0.036884	0.01		1.0	1	0	2017	2017
Renal carcinoma	C1378703	MAPK8	5599	P45983	mitogen-activated protein kinase 8	Kinase	520	0.397	0.885	0.99823	0.01		1.0	1	0	2009	2009
Renal carcinoma	C1378703	PER1	5187	O15534	period circadian regulator 1	Transcription factor	111	0.556	0.731	0.00029308	0.01		1.0	1	0	2019	2019
Renal carcinoma	C1378703	PRNP	5621	F7VJQ1;P04156	prion protein		426	0.445	0.923	0.00063182	0.01		1.0	1	0	2019	2019
Renal carcinoma	C1378703	PDK1	5163	Q15118	pyruvate dehydrogenase kinase 1	Kinase	164	0.51	0.808	1.0963e-05	0.01		1.0	1	0	2018	2018
Renal carcinoma	C1378703	PRKX	5613	P51817	protein kinase X-linked	Kinase	7	0.821	0.231	0.032585	0.01		1.0	1	0	2012	2012
Renal carcinoma	C1378703	GDE1	51573	Q9NZC3	glycerophosphodiester phosphodiesterase 1		228	0.481	0.808	6.1163e-06	0.01		1.0	1	0	2015	2015
Renal carcinoma	C1378703	PDGFA	5154	P04085	platelet derived growth factor subunit A	Signaling	135	0.533	0.731	0.80842	0.01		1.0	1	0	1993	1993
Renal carcinoma	C1378703	PROS1	5627	P07225	protein S		283	0.467	0.846	0.00047089	0.01		1.0	1	0	2019	2019
Renal carcinoma	C1378703	PANX2	56666	Q96RD6	pannexin 2	Ion channel	14	0.736	0.5	4.4188e-06	0.01		1.0	1	0	2019	2019
Renal carcinoma	C1378703	MAP2K1	5604	Q02750	mitogen-activated protein kinase kinase 1	Kinase	389	0.439	0.846	0.89669	0.01		1.0	1	0	2012	2012
Renal carcinoma	C1378703	MAPK13	5603	O15264	mitogen-activated protein kinase 13	Kinase	26	0.705	0.577	6.7197e-11	0.01		1.0	1	0	2016	2016
Renal carcinoma	C1378703	MIR363	574031		microRNA 363		83	0.578	0.692		0.01		1.0	1	0	2016	2016
Renal carcinoma	C1378703	PTH	5741	P01270	parathyroid hormone		528	0.397	0.846	0.012093	0.01		1.0	1	0	1988	1988
Renal carcinoma	C1378703	AVP	551	P01185	arginine vasopressin	Signaling	454	0.437	0.846	0.074413	0.01		1.0	1	0	2018	2018
Renal carcinoma	C1378703	ING4	51147	Q9UNL4	inhibitor of growth family member 4	Nucleic acid binding	92	0.573	0.577	0.029013	0.01		0.0	1	0	2017	2017
Renal carcinoma	C1378703	TMEM45A	55076	Q9NWC5	transmembrane protein 45A		20	0.736	0.308	0.0047645	0.01		1.0	1	0	2019	2019
Renal carcinoma	C1378703	TESC	54997	Q96BS2	tescalcin		97	0.57	0.692	0.10778	0.01		1.0	1	0	2002	2002
Renal carcinoma	C1378703	PCNA	5111	P12004	proliferating cell nuclear antigen	Nucleic acid binding	581	0.382	0.846	0.97606	0.01		1.0	1	0	2019	2019
Renal carcinoma	C1378703	CCND3	896	P30281	cyclin D3	Enzyme modulator	126	0.554	0.654	0.98347	0.01		1.0	1	0	2008	2008
Renal carcinoma	C1378703	APH1A	51107	Q96BI3	aph-1 homolog A, gamma-secretase subunit	Enzyme modulator	45	0.656	0.538	0.79479	0.01		1.0	1	0	2009	2009
Renal carcinoma	C1378703	ADIPOR1	51094	Q96A54	adiponectin receptor 1	Receptor	148	0.529	0.808	0.6584	0.01		1.0	1	0	2019	2019
Renal carcinoma	C1378703	MIR510	574515		microRNA 510		32	0.678	0.423		0.01		1.0	1	0	2015	2015
Renal carcinoma	C1378703	STAMBPL1	57559	Q96FJ0	STAM binding protein like 1	Enzyme	16	0.729	0.462	1.1971e-14	0.01		1.0	1	0	2018	2018
Renal carcinoma	C1378703	NDRG2	57447	Q9UN36	NDRG family member 2	Enzyme	156	0.518	0.692	2.2044e-05	0.01		1.0	1	0	2015	2015
Renal carcinoma	C1378703	MIR497	574456		microRNA 497		116	0.539	0.808		0.01		1.0	1	0	2015	2015
Renal carcinoma	C1378703	PTGS2	5743	P35354	prostaglandin-endoperoxide synthase 2	Enzyme	1234	0.314	0.962	0.99597	0.01		1.0	1	0	2017	2017
Renal carcinoma	C1378703	RADIL	55698	Q96JH8	Rap associating with DIL domain		7	0.861	0.192	6.2671e-23	0.01		1.0	1	0	2019	2019
Renal carcinoma	C1378703	PRCC	5546	Q92733	proline rich mitotic checkpoint control factor		24	0.716	0.231	0.96281	0.01		1.0	1	0	2001	2001
Renal carcinoma	C1378703	HSPA14	51182	Q0VDF9	heat shock protein family A (Hsp70) member 14		178	0.502	0.769	0.67359	0.01		1.0	1	0	2019	2019
Renal carcinoma	C1378703	MIR429	554210		microRNA 429		117	0.544	0.731		0.01		1.0	1	0	2019	2019
Renal carcinoma	C1378703	PSG2	5670	P11465	pregnancy specific beta-1-glycoprotein 2		210	0.492	0.731	1.382e-30	0.01		1.0	1	0	2017	2017
Renal carcinoma	C1378703	MIR452	574412		microRNA 452		49	0.633	0.5		0.01		1.0	1	0	2018	2018
Renal carcinoma	C1378703	MIR490	574443		microRNA 490		68	0.588	0.538		0.01		1.0	1	0	2016	2016
Renal carcinoma	C1378703	DCTN4	51164	Q9UJW0	dynactin subunit 4		253	0.472	0.846	0.73221	0.01		1.0	1	0	2020	2020
Renal carcinoma	C1378703	MIR494	574452		microRNA 494		131	0.531	0.692		0.01		1.0	1	0	2016	2016
Renal carcinoma	C1378703	PINX1	54984	Q96BK5	PIN2 (TERF1) interacting telomerase inhibitor 1	Enzyme modulator	88	0.587	0.692	4.5977e-09	0.01		1.0	1	0	2019	2019
Renal carcinoma	C1378703	DHDDS	79947	Q86SQ9	dehydrodolichyl diphosphate synthase subunit	Enzyme	308	0.468	0.885	0.24533	0.01		1.0	1	0	2003	2003
Renal carcinoma	C1378703	AKT1S1	84335	Q96B36	AKT1 substrate 1		55	0.615	0.385	0.111	0.01		1.0	1	0	2011	2011
Renal carcinoma	C1378703	SYVN1	84447	Q86TM6	synoviolin 1		79	0.599	0.731	0.9997	0.01		1.0	1	0	1988	1988
Renal carcinoma	C1378703	HAVCR2	84868	Q8TDQ0	hepatitis A virus cellular receptor 2		299	0.45	0.808	0.03866	0.01		1.0	1	0	2016	2016
Renal carcinoma	C1378703	SLC49A4	84925	Q96SL1	solute carrier family 49 member 4	Transporter	13	0.78	0.231	2.2526e-09	0.01		1.0	1	0	2004	2004
Renal carcinoma	C1378703	PPM1D	8493	O15297	protein phosphatase, Mg2+/Mn2+ dependent 1D	Enzyme	177	0.513	0.808	2.2321e-11	0.01		1.0	1	0	2015	2015
Renal carcinoma	C1378703	COPS3	8533	Q9UNS2	COP9 signalosome subunit 3	Enzyme modulator	24	0.729	0.346	0.99949	0.01		1.0	1	0	2018	2018
Renal carcinoma	C1378703	CAV2	858	P51636	caveolin 2	Enzyme modulator	96	0.575	0.692	0.026973	0.01		1.0	1	0	2018	2018
Renal carcinoma	C1378703	RUNX2	860	Q13950	RUNX family transcription factor 2	Transcription factor	405	0.437	0.846	0.94884	0.01		0.0	1	0	2004	2004
Renal carcinoma	C1378703	RUNX1	861	Q01196	RUNX family transcription factor 1	Transcription factor	412	0.425	0.808	0.65377	0.01		1.0	1	0	2015	2015
Renal carcinoma	C1378703	RUNX3	864	Q13761	RUNX family transcription factor 3	Transcription factor	281	0.459	0.731	0.84295	0.01		1.0	1	0	2018	2018
Renal carcinoma	C1378703	RIPK1	8737	Q13546	receptor interacting serine/threonine kinase 1	Kinase	250	0.479	0.769	0.0079441	0.01		1.0	1	0	2017	2017
Renal carcinoma	C1378703	ADAM9	8754	Q13443	ADAM metallopeptidase domain 9	Enzyme	109	0.56	0.654	0.029431	0.01		1.0	1	0	2008	2008
Renal carcinoma	C1378703	NR1I2	8856	O75469	nuclear receptor subfamily 1 group I member 2	Nuclear receptor	462	0.418	0.846	7.2668e-09	0.01		1.0	1	0	2011	2011
Renal carcinoma	C1378703	ARHGEF7	8874	Q14155	Rho guanine nucleotide exchange factor 7		215	0.486	0.846	0.99995	0.01		1.0	1	0	2018	2018
Renal carcinoma	C1378703	SPHK1	8877	Q9NYA1	sphingosine kinase 1	Kinase	236	0.48	0.808	3.0327e-07	0.01		1.0	1	0	2009	2009
Renal carcinoma	C1378703	CASP8	841	Q14790	caspase 8	Enzyme	480	0.404	0.923	3.7236e-06	0.01		1.0	1	0	2018	2018
Renal carcinoma	C1378703	CASP5	838	P51878	caspase 5	Enzyme	47	0.653	0.5	1.752e-16	0.01		1.0	1	0	2009	2009
Renal carcinoma	C1378703	JAM3	83700	Q9BX67	junctional adhesion molecule 3		66	0.619	0.654	0.0006158	0.01		1.0	1	0	2018	2018
Renal carcinoma	C1378703	GRHL2	79977	Q6ISB3	grainyhead like transcription factor 2	Transcription factor	85	0.59	0.731	0.99683	0.01		1.0	1	0	2014	2014
Renal carcinoma	C1378703	ZC3H12A	80149	Q5D1E8	zinc finger CCCH-type containing 12A	Nucleic acid binding	88	0.578	0.654	0.14015	0.01		1.0	1	0	2017	2017
Renal carcinoma	C1378703	CDK5RAP3	80279	Q96JB5	CDK5 regulatory subunit associated protein 3		29	0.7	0.462	7.6348e-15	0.01		1.0	1	0	2019	2019
Renal carcinoma	C1378703	TET1	80312	Q8NFU7	tet methylcytosine dioxygenase 1		156	0.523	0.808	1.0	0.01		1.0	1	0	2015	2015
Renal carcinoma	C1378703	PPP1R2C	80316	O14990	PPP1R2C family member C	Enzyme modulator	231	0.478	0.846		0.01		1.0	1	0	2019	2019
Renal carcinoma	C1378703	CD276	80381	Q5ZPR3	CD276 molecule	Enzyme modulator	169	0.505	0.731	2.4699e-09	0.01		1.0	1	0	2019	2019
Renal carcinoma	C1378703	SLC12A3	6559	P55017	solute carrier family 12 member 3	Transporter	252	0.493	0.808	3.0324e-32	0.01		1.0	1	0	2002	2002
Renal carcinoma	C1378703	COL18A1	80781	P39060	collagen type XVIII alpha 1 chain		323	0.449	0.808	1.7414e-10	0.01		1.0	1	0	2018	2018
Renal carcinoma	C1378703	VMP1	81671	Q96GC9	vacuole membrane protein 1	Signaling	47	0.674	0.462	0.96271	0.01		1.0	1	0	2008	2008
Renal carcinoma	C1378703	MLRL	8201		Myeloid leukemia-related gene (myeloid tumor suppressor)		95	0.564	0.769		0.01		1.0	1	0	2018	2018
Renal carcinoma	C1378703	KDM5C	8242	P41229	lysine demethylase 5C		119	0.581	0.538	1.0	0.01		1.0	1	0	2015	2015
Renal carcinoma	C1378703	ARID1A	8289	O14497	AT-rich interaction domain 1A		341	0.455	0.846	1.0	0.01		1.0	1	0	2013	2013
Renal carcinoma	C1378703	NR1D2	9975	Q14995	nuclear receptor subfamily 1 group D member 2	Nuclear receptor	29	0.682	0.5	0.0061743	0.01		1.0	1	0	2019	2019
Renal carcinoma	C1378703	ARHGAP24	83478	Q8N264	Rho GTPase activating protein 24		273	0.456	0.808	3.9495e-10	0.01		1.0	1	0	2007	2007
Renal carcinoma	C1378703	BCL2L12	83596	Q9HB09	BCL2 like 12		67	0.606	0.654	3.8273e-09	0.01		1.0	1	0	2015	2015
Renal carcinoma	C1378703	MBD2	8932	Q9UBB5	methyl-CpG binding domain protein 2	Epigenetic regulator	256	0.466	0.846	0.34957	0.01		1.0	1	0	2014	2014
Renal carcinoma	C1378703	TOP3B	8940	O95985	DNA topoisomerase III beta	Enzyme	14	0.769	0.269	0.00021389	0.01		1.0	1	0	2019	2019
Renal carcinoma	C1378703	CD28	940	P10747	CD28 molecule		364	0.436	0.885	0.35779	0.01		1.0	1	0	2015	2015
Renal carcinoma	C1378703	TTYH2	94015	Q9BSA4	tweety family member 2	Ion channel	19	0.76	0.154	9.9328e-05	0.01		1.0	1	0	2019	2019
Renal carcinoma	C1378703	MUC16	94025	Q8WXI7	mucin 16, cell surface associated		236	0.479	0.808	8.2703e-112	0.01		1.0	1	0	2017	2017
Renal carcinoma	C1378703	NTN1	9423	O95631	netrin 1	Enzyme modulator	209	0.509	0.846	0.99687	0.01		1.0	1	0	2013	2013
Renal carcinoma	C1378703	QKI	9444	Q96PU8	QKI, KH domain containing RNA binding	Nucleic acid binding	61	0.617	0.5	0.75121	0.01		1.0	1	0	2016	2016
Renal carcinoma	C1378703	AIM2	9447	O14862	absent in melanoma 2		167	0.521	0.769	2.1942e-09	0.01		1.0	1	0	2018	2018
Renal carcinoma	C1378703	NPEPPS	9520	P55786	aminopeptidase puromycin sensitive	Enzyme	172	0.519	0.808	1.0	0.01		1.0	1	0	2019	2019
Renal carcinoma	C1378703	KIF20B	9585	Q96Q89	kinesin family member 20B	Cellular structure	39	0.67	0.462	3.7396e-23	0.01		1.0	1	0	2019	2019
Renal carcinoma	C1378703	CD40LG	959	P29965	CD40 ligand	Signaling	453	0.414	0.846	0.72079	0.01		1.0	1	0	2019	2019
Renal carcinoma	C1378703	FEZ1	9638	Q99689	fasciculation and elongation protein zeta 1		41	0.666	0.5	0.75002	0.01		1.0	1	0	2004	2004
Renal carcinoma	C1378703	FNIP1	96459	Q8TF40	folliculin interacting protein 1		24	0.743	0.346	0.99957	0.01		1.0	1	0	2013	2013
Renal carcinoma	C1378703	CD74	972	P04233	CD74 molecule	Enzyme modulator	170	0.512	0.808	0.24889	0.01		1.0	1	0	2008	2008
Renal carcinoma	C1378703	MAML1	9794	Q92585	mastermind like transcriptional coactivator 1	Transcription factor	38	0.67	0.423	0.99995	0.01		1.0	1	0	2012	2012
Renal carcinoma	C1378703	KEAP1	9817	Q14145	kelch like ECH associated protein 1		251	0.475	0.808	0.00038766	0.01		1.0	1	0	2017	2017
Renal carcinoma	C1378703	MELK	9833	Q14680	maternal embryonic leucine zipper kinase	Kinase	94	0.566	0.577	4.5055e-22	0.01		1.0	1	0	2016	2016
Renal carcinoma	C1378703	SLC9A3R1	9368	O14745	SLC9A3 regulator 1		116	0.547	0.577	8.8416e-05	0.01		1.0	1	0	2015	2015
Renal carcinoma	C1378703	TBCK	93627	Q8TEA7	TBC1 domain containing kinase	Kinase	85	0.65	0.654	2.0935e-15	0.01		1.0	1	0	2019	2019
Renal carcinoma	C1378703	TRIP11	9321	Q15643	thyroid hormone receptor interactor 11		148	0.595	0.654	1.714e-12	0.01		1.0	1	0	2017	2017
Renal carcinoma	C1378703	ATG16L2	89849	Q8NAA4	autophagy related 16 like 2		12	0.769	0.462	4.6874e-16	0.01		1.0	1	0	2015	2015
Renal carcinoma	C1378703	SELENBP1	8991	Q13228	selenium binding protein 1	Immune response	214	0.493	0.846	3.2268e-16	0.01		1.0	1	0	2017	2017
Renal carcinoma	C1378703	CCNG2	901	Q16589	cyclin G2	Enzyme modulator	59	0.615	0.577	0.0096861	0.01		1.0	1	0	2014	2014
Renal carcinoma	C1378703	STARD13	90627	Q9Y3M8	StAR related lipid transfer domain containing 13		60	0.641	0.538	2.3524e-08	0.01		1.0	1	0	2019	2019
Renal carcinoma	C1378703	SART1	9092	O43290	spliceosome associated factor 1, recruiter of U4/U6.U5 tri-snRNP	Extracellular structure	31	0.682	0.308	0.88163	0.01		1.0	1	0	2019	2019
Renal carcinoma	C1378703	RGN	9104	Q15493	regucalcin	Enzyme	96	0.566	0.692	0.022123	0.01		1.0	1	0	2019	2019
Renal carcinoma	C1378703	LATS1	9113	O95835	large tumor suppressor kinase 1	Kinase	99	0.563	0.731	0.99987	0.01		1.0	1	0	2014	2014
Renal carcinoma	C1378703	DERL3	91319	Q96Q80	derlin 3	Receptor	32	0.691	0.462	0.000219	0.01		1.0	1	0	1988	1988
Renal carcinoma	C1378703	CBFA2T2	9139	O43439	CBFA2/RUNX1 partner transcriptional co-repressor 2	Transcription factor	64	0.615	0.654	0.99585	0.01		1.0	1	0	2018	2018
Renal carcinoma	C1378703	CHRDL1	91851	Q9BU40	chordin like 1		41	0.659	0.538	0.2164	0.01		1.0	1	0	2019	2019
Renal carcinoma	C1378703	DCLK1	9201	O15075	doublecortin like kinase 1	Kinase	123	0.545	0.615	0.99964	0.01		1.0	1	0	2018	2018
Renal carcinoma	C1378703	MTA2	9219	O94776	metastasis associated 1 family member 2	Nucleic acid binding	93	0.579	0.808	0.74479	0.01		1.0	1	0	2019	2019
Renal carcinoma	C1378703	PTTG1	9232	O95997	PTTG1 regulator of sister chromatid separation, securin		140	0.526	0.654	0.00042161	0.01		1.0	1	0	2017	2017
Renal carcinoma	C1378703	ACVR2B	93	Q13705	activin A receptor type 2B	Kinase	70	0.601	0.615	0.83412	0.01		1.0	1	0	2019	2019
Renal carcinoma	C1378703	KLF4	9314	O43474	Kruppel like factor 4	Nucleic acid binding	307	0.449	0.769	0.99714	0.01		1.0	1	0	2013	2013
Renal carcinoma	C1378703	DLEC1	9940	Q9Y238	DLEC1 cilia and flagella associated protein		94	0.572	0.615	2.1303e-35	0.01		1.0	1	0	2010	2010
Renal carcinoma	C1378703	SDHC	6391	Q99643	succinate dehydrogenase complex subunit C		202	0.517	0.846	0.00020065	0.01		1.0	1	0	2012	2012
Renal carcinoma	C1378703	SLC16A1	6566	P53985	solute carrier family 16 member 1	Transporter	195	0.499	0.846	0.00073565	0.01		1.0	1	0	2019	2019
Renal carcinoma	C1378703	SLC22A3	6581	O75751	solute carrier family 22 member 3	Transporter	154	0.531	0.846	7.7723e-10	0.01		1.0	1	0	2009	2009
Renal carcinoma	C1378703	HNRNPA1P10	664709		heterogeneous nuclear ribonucleoprotein A1 pseudogene 10		53	0.631	0.654		0.01		1.0	1	0	2018	2018
Renal carcinoma	C1378703	SOD2	6648	P04179	superoxide dismutase 2	Enzyme	668	0.379	0.923	0.15499	0.01		1.0	1	0	2018	2018
Renal carcinoma	C1378703	SPARC	6678	P09486	secreted protein acidic and cysteine rich	Signaling	344	0.445	0.846	0.89148	0.01		1.0	1	0	2001	2001
Renal carcinoma	C1378703	BRCA1	672	P38398	BRCA1 DNA repair associated	Enzyme	747	0.367	0.923	9.2157e-29	0.01		1.0	1	0	2019	2019
Renal carcinoma	C1378703	BRAF	673	P15056	B-Raf proto-oncogene, serine/threonine kinase	Kinase	1228	0.319	0.846	0.99995	0.01		1.0	1	2	2015	2015
Renal carcinoma	C1378703	STAT5A	6776	P42229	signal transducer and activator of transcription 5A	Nucleic acid binding	318	0.445	0.808	0.99994	0.01		1.0	1	0	2019	2019
Renal carcinoma	C1378703	STAT5B	6777	P51692	signal transducer and activator of transcription 5B	Nucleic acid binding	357	0.442	0.808	0.99988	0.01		1.0	1	0	2019	2019
Renal carcinoma	C1378703	BSG	682	P35613	basigin (Ok blood group)		287	0.458	0.769	2.5873e-05	0.01		1.0	1	0	2010	2010
Renal carcinoma	C1378703	SYK	6850	P43405	spleen associated tyrosine kinase	Kinase	229	0.475	0.808	0.99986	0.01		1.0	1	0	2018	2018
Renal carcinoma	C1378703	SYT1	6857	P21579	synaptotagmin 1	Transporter	460	0.412	0.846	0.60038	0.01		1.0	1	0	2019	2019
Renal carcinoma	C1378703	ADAM17	6868	P78536	ADAM metallopeptidase domain 17		316	0.453	0.808	0.99528	0.01		1.0	1	0	2013	2013
Renal carcinoma	C1378703	WT1	7490	P19544	WT1 transcription factor	Nucleic acid binding	446	0.422	0.808	0.99648	0.01		1.0	1	0	2003	2003
Renal carcinoma	C1378703	TAZ	6901	Q16635	tafazzin	Enzyme	252	0.477	0.808	0.72591	0.01		1.0	1	0	2019	2019
Renal carcinoma	C1378703	SLC2A1	6513	P11166	solute carrier family 2 member 1	Transporter	687	0.388	0.808	0.9941	0.01		1.0	1	0	2017	2017
Renal carcinoma	C1378703	WNK1	65125	Q9H4A3	WNK lysine deficient protein kinase 1	Kinase	460	0.416	0.846	1.0	0.01		1.0	1	0	2019	2019
Renal carcinoma	C1378703	SKP2	6502	Q13309	S-phase kinase associated protein 2		204	0.492	0.808	0.96042	0.01		1.0	1	0	2014	2014
Renal carcinoma	C1378703	SDHD	6392	O14521	succinate dehydrogenase complex subunit D	Transporter	348	0.472	0.885	0.33697	0.01		1.0	1	0	2012	2012
Renal carcinoma	C1378703	LRRC4	64101	Q9HBW1	leucine rich repeat containing 4		57	0.617	0.577	0.99787	0.01		1.0	1	0	2009	2009
Renal carcinoma	C1378703	NOD2	64127	Q9HC29	nucleotide binding oligomerization domain containing 2	Enzyme	434	0.423	0.923	1.9834e-30	0.01		1.0	1	0	2017	2017
Renal carcinoma	C1378703	SET	6418	Q01105	SET nuclear proto-oncogene	Enzyme modulator	183	0.507	0.808	0.99597	0.01		1.0	1	0	2016	2016
Renal carcinoma	C1378703	SFPQ	6421	P23246	splicing factor proline and glutamine rich	Nucleic acid binding	75	0.593	0.654	0.99992	0.01		1.0	1	0	2009	2009
Renal carcinoma	C1378703	SFRP1	6422	Q8N474	secreted frizzled related protein 1		227	0.479	0.846	0.96457	0.01		1.0	1	0	2007	2007
Renal carcinoma	C1378703	SFRP2	6423	Q96HF1	secreted frizzled related protein 2		134	0.544	0.731	0.0016693	0.01		1.0	1	0	2010	2010
Renal carcinoma	C1378703	SFRP5	6425	Q5T4F7	secreted frizzled related protein 5		106	0.559	0.692	5.1843e-06	0.01		1.0	1	0	2011	2011
Renal carcinoma	C1378703	SRSF1	6426	Q07955	serine and arginine rich splicing factor 1	Nucleic acid binding	98	0.563	0.692	0.98268	0.01		1.0	1	0	2018	2018
Renal carcinoma	C1378703	SRSF2	6427	Q01130	serine and arginine rich splicing factor 2	Nucleic acid binding	102	0.561	0.731	0.47898	0.01		1.0	1	0	2018	2018
Renal carcinoma	C1378703	SGK1	6446	O00141	serum/glucocorticoid regulated kinase 1	Kinase	188	0.506	0.769	0.0023046	0.01		1.0	1	0	2007	2007
Renal carcinoma	C1378703	SHBG	6462	P04278	sex hormone binding globulin		368	0.438	0.808	1.2538e-06	0.01		1.0	1	0	2017	2017
Renal carcinoma	C1378703	GORASP1	64689	Q9BQQ3	golgi reassembly stacking protein 1		369	0.428	0.846	0.019543	0.01		1.0	1	0	2019	2019
Renal carcinoma	C1378703	CDCP1	64866	Q9H5V8	CUB domain containing protein 1		81	0.604	0.654	0.0001002	0.01		1.0	1	0	2011	2011
Renal carcinoma	C1378703	LINC00273	649159		long intergenic non-protein coding RNA 273		82	0.585	0.846		0.01		1.0	1	0	2019	2019
Renal carcinoma	C1378703	ELOC	6921	Q15369	elongin C	Enzyme modulator	41	0.656	0.5	0.74421	0.01		1.0	1	0	2019	2019
Renal carcinoma	C1378703	TCF4	6925	P15884	transcription factor 4	Transcription factor	378	0.464	0.846	0.99981	0.01		1.0	1	0	2009	2009
Renal carcinoma	C1378703	UGT2B7	7364	P16662	UDP glucuronosyltransferase family 2 member B7		53	0.647	0.5	1.191e-13	0.01		1.0	1	0	2013	2013
Renal carcinoma	C1378703	UQCRFS1	7386	P47985	ubiquinol-cytochrome c reductase, Rieske iron-sulfur polypeptide 1		109	0.558	0.654	0.18923	0.01		1.0	1	0	2017	2017
Renal carcinoma	C1378703	KDM6A	7403	O15550	lysine demethylase 6A	Epigenetic regulator	238	0.498	0.769	1.0	0.01		1.0	1	0	2014	2014
Renal carcinoma	C1378703	NSD2	7468	O96028	nuclear receptor binding SET domain protein 2	Epigenetic regulator	224	0.507	0.769	1.0	0.01		1.0	1	0	2019	2019
Renal carcinoma	C1378703	XPO1	7514	O14980	exportin 1	Receptor	178	0.504	0.692	1.0	0.01		1.0	1	0	2013	2013
Renal carcinoma	C1378703	XRCC1	7515	P18887	X-ray repair cross complementing 1		410	0.421	0.923	6.3386e-09	0.01		1.0	1	0	2015	2015
Renal carcinoma	C1378703	ZFX	7543	P17010	zinc finger protein X-linked	Transcription factor	66	0.599	0.538	0.99831	0.01		1.0	1	0	2015	2015
Renal carcinoma	C1378703	ZNF99	7652	A8MXY4	zinc finger protein 99		2	0.931	0.115	0.02495	0.01		1.0	1	0	2019	2019
Renal carcinoma	C1378703	ZNF154	7710	Q13106	zinc finger protein 154		23	0.711	0.5	2.8224e-07	0.01		1.0	1	0	2016	2016
Renal carcinoma	C1378703	DDR1	780	Q08345	discoidin domain receptor tyrosine kinase 1	Kinase	195	0.497	0.808	4.6331e-06	0.01		1.0	1	0	2010	2010
Renal carcinoma	C1378703	BTG2	7832	P78543	BTG anti-proliferation factor 2		77	0.587	0.538	0.019033	0.01		1.0	1	0	2004	2004
Renal carcinoma	C1378703	PAX8	7849	Q06710	paired box 8		253	0.477	0.731	0.99869	0.01		1.0	1	0	2011	2011
Renal carcinoma	C1378703	TRPM8	79054	Q7Z2W7	transient receptor potential cation channel subfamily M member 8	Ion channel	127	0.553	0.808	4.5964e-29	0.01		1.0	1	0	2016	2016
Renal carcinoma	C1378703	CALCA	796	P01258;P06881	calcitonin related polypeptide alpha	Signaling	467	0.416	0.923	0.015562	0.01		0.0	1	0	2004	2004
Renal carcinoma	C1378703	MCPH1	79648	Q8NEM0	microcephalin 1	Nucleic acid binding	141	0.54	0.846	7.76e-30	0.01		1.0	1	0	2014	2014
Renal carcinoma	C1378703	UGT1A	7361		UDP glucuronosyltransferase family 1 member A complex locus		117	0.54	0.654		0.01		1.0	1	0	2016	2016
Renal carcinoma	C1378703	TYMS	7298	P04818	thymidylate synthetase	Enzyme	406	0.425	0.846	0.72247	0.01		1.0	1	0	2009	2009
Renal carcinoma	C1378703	NBAT1	729177		neuroblastoma associated transcript 1		45	0.65	0.423		0.01		1.0	1	0	2019	2019
Renal carcinoma	C1378703	TBX3	6926	O15119	T-box transcription factor 3	Transcription factor	179	0.525	0.769	0.98907	0.01		1.0	1	0	2018	2018
Renal carcinoma	C1378703	MIR576	693161		microRNA 576		30	0.686	0.385		0.01		1.0	1	0	2019	2019
Renal carcinoma	C1378703	MIR588	693173		microRNA 588		15	0.76	0.231		0.01		1.0	1	0	2019	2019
Renal carcinoma	C1378703	MIR622	693207		microRNA 622		48	0.638	0.5		0.01		1.0	1	0	2018	2018
Renal carcinoma	C1378703	MIR630	693215		microRNA 630		52	0.621	0.5		0.01		1.0	1	0	2014	2014
Renal carcinoma	C1378703	BTG1	694	P62324	BTG anti-proliferation factor 1		98	0.564	0.692	0.53641	0.01		1.0	1	0	2015	2015
Renal carcinoma	C1378703	TEK	7010	Q02763	TEK receptor tyrosine kinase	Kinase	300	0.462	0.692	1.0	0.01		1.0	1	0	2004	2004
Renal carcinoma	C1378703	TGM2	7052	P21980	transglutaminase 2	Enzyme	315	0.445	0.808	6.8118e-18	0.01		1.0	1	0	2016	2016
Renal carcinoma	C1378703	THOP1	7064	P52888	thimet oligopeptidase 1	Enzyme	91	0.573	0.846	0.0001213	0.01		1.0	1	0	2019	2019
Renal carcinoma	C1378703	THRB	7068	P10828	thyroid hormone receptor beta	Nuclear receptor	142	0.554	0.769	0.99676	0.01		1.0	1	0	2014	2014
Renal carcinoma	C1378703	TIMP1	7076	P01033	TIMP metallopeptidase inhibitor 1	Enzyme modulator	603	0.38	0.885	0.4993	0.01		1.0	1	0	2019	2019
Renal carcinoma	C1378703	TIMP3	7078	P35625	TIMP metallopeptidase inhibitor 3	Enzyme modulator	325	0.445	0.923	0.63037	0.01		1.0	1	0	2017	2017
Renal carcinoma	C1378703	TP73	7161	O15350	tumor protein p73	Transcription factor	300	0.449	0.808	0.99696	0.01		1.0	1	0	2007	2007
Renal carcinoma	C1378703	TRPC4	7223	Q9UBN4	transient receptor potential cation channel subfamily C member 4	Ion channel	32	0.695	0.5	0.48205	0.01		1.0	1	0	2016	2016
Renal carcinoma	C1378703	TSC1	7248	Q92574	TSC complex subunit 1		391	0.44	0.808	1.0	0.01		1.0	1	0	2002	2002
Renal carcinoma	C1378703	NANOG	79923	Q9H9S0	Nanog homeobox	Transcription factor	140	0.531	0.654	0.72022	0.01		1.0	1	0	2018	2018
Renal carcinoma	C1378703	DERL2	51009	Q9GZP9	derlin 2	Receptor	60	0.617	0.615	0.9574	0.01		1.0	1	0	2017	2017
Renal carcinoma	C1378703	C1orf52	148423	Q8N6N3	chromosome 1 open reading frame 52		27	0.691	0.5	0.047382	0.01		1.0	1	0	2009	2009
Renal carcinoma	C1378703	AGER	177	Q15109	advanced glycosylation end-product specific receptor	Receptor	450	0.42	0.885	6.3528e-16	0.01		1.0	1	0	2015	2015
Renal carcinoma	C1378703	AGTR1	185	P30556	angiotensin II receptor type 1	G-protein coupled receptor	440	0.423	0.846	0.00053161	0.01		1.0	1	0	2018	2018
Renal carcinoma	C1378703	E2F1	1869	Q01094	E2F transcription factor 1	Nucleic acid binding	324	0.441	0.846	0.9877	0.01		1.0	1	0	2018	2018
Renal carcinoma	C1378703	EDN1	1906	P05305	endothelin 1	Signaling	679	0.38	0.846	0.45504	0.01		1.0	1	0	2002	2002
Renal carcinoma	C1378703	EGF	1950	P01133	epidermal growth factor		774	0.357	0.923	8.5294e-17	0.01		0.0	1	0	1991	1991
Renal carcinoma	C1378703	EGR1	1958	P18146	early growth response 1	Nucleic acid binding	378	0.433	0.923	0.3509	0.01		1.0	1	0	2012	2012
Renal carcinoma	C1378703	AHR	196	P35869	aryl hydrocarbon receptor	Transcription factor	532	0.41	0.923	0.99999	0.01		1.0	1	0	2014	2014
Renal carcinoma	C1378703	ELF5	2001	Q9UKW6	E74 like ETS transcription factor 5	Transcription factor	34	0.691	0.385	0.00086946	0.01		1.0	1	0	2011	2011
Renal carcinoma	C1378703	KLHDC8B	200942	Q8IXV7	kelch domain containing 8B		34	0.691	0.346	0.001791	0.01		1.0	1	0	2019	2019
Renal carcinoma	C1378703	C4orf46	201725	Q504U0	chromosome 4 open reading frame 46		5	0.861	0.115	0.039595	0.01		1.0	1	0	2014	2014
Renal carcinoma	C1378703	EPHA3	2042	P29320	EPH receptor A3	Kinase	193	0.497	0.692	1.1953e-05	0.01		1.0	1	0	2018	2018
Renal carcinoma	C1378703	EPHB2	2048	P29323	EPH receptor B2	Kinase	649	0.374	0.846	0.99997	0.01		1.0	1	0	2019	2019
Renal carcinoma	C1378703	ERCC4	2072	Q92889	ERCC excision repair 4, endonuclease catalytic subunit	Enzyme	325	0.468	0.846	1.3758e-12	0.01		1.0	1	0	2016	2016
Renal carcinoma	C1378703	F12	2161	P00748	coagulation factor XII	Enzyme	87	0.612	0.577	8.2526e-08	0.01		1.0	1	0	2019	2019
Renal carcinoma	C1378703	PTK2B	2185	Q14289	protein tyrosine kinase 2 beta	Kinase	319	0.448	0.808	0.93536	0.01		1.0	1	0	2018	2018
Renal carcinoma	C1378703	FASN	2194	P49327	fatty acid synthase	Enzyme	245	0.474	0.846	1.0	0.01		1.0	1	0	2017	2017
Renal carcinoma	C1378703	DMRT1	1761	Q9Y5R6	doublesex and mab-3 related transcription factor 1		101	0.559	0.654	0.7387	0.01		1.0	1	0	2013	2013
Renal carcinoma	C1378703	AFP	174	P02771	alpha fetoprotein	Transporter	392	0.429	0.885	1.1383e-11	0.01		1.0	1	0	2017	2017
Renal carcinoma	C1378703	CTAG1B	1485	P78358	cancer/testis antigen 1B		166	0.507	0.731		0.01		1.0	1	0	2013	2013
Renal carcinoma	C1378703	CTSB	1508	P07858	cathepsin B	Enzyme	304	0.457	0.846	5.8819e-11	0.01		1.0	1	0	2019	2019
Renal carcinoma	C1378703	CTSG	1511	P08311	cathepsin G	Enzyme	95	0.563	0.731	9.5595e-06	0.01		1.0	1	0	2017	2017
Renal carcinoma	C1378703	CTSK	1513	P43235	cathepsin K	Enzyme	221	0.497	0.808	3.0989e-05	0.01		0.0	1	0	2011	2011
Renal carcinoma	C1378703	GPBAR1	151306	Q8TDU6	G protein-coupled bile acid receptor 1	G-protein coupled receptor	122	0.548	0.731	1.3633e-09	0.01		1.0	1	0	2017	2017
Renal carcinoma	C1378703	CYP11B1	1584	P15538	cytochrome P450 family 11 subfamily B member 1		139	0.563	0.615	8.245e-07	0.01		1.0	1	0	2002	2002
Renal carcinoma	C1378703	CYP11B2	1585	P19099	cytochrome P450 family 11 subfamily B member 2		142	0.553	0.615	7.1321e-19	0.01		1.0	1	0	2002	2002
Renal carcinoma	C1378703	CYP17A1	1586	P05093	cytochrome P450 family 17 subfamily A member 1		326	0.462	0.769	0.00026255	0.01		1.0	1	0	2002	2002
Renal carcinoma	C1378703	DAPK1	1612	P53355	death associated protein kinase 1	Kinase	249	0.472	0.808	0.99767	0.01		1.0	1	0	2006	2006
Renal carcinoma	C1378703	DBP	1628	Q10586	D-box binding PAR bZIP transcription factor	Nucleic acid binding	105	0.556	0.731	0.23376	0.01		1.0	1	0	2017	2017
Renal carcinoma	C1378703	ACE	1636	P12821	angiotensin I converting enzyme	Enzyme	1082	0.328	0.923	1.0344e-37	0.01		1.0	1	0	2000	2000
Renal carcinoma	C1378703	DDT	1652	P30046	D-dopachrome tautomerase	Enzyme	86	0.575	0.731	0.32959	0.01		1.0	1	0	2014	2014
Renal carcinoma	C1378703	DECR1	1666	Q16698	2,4-dienoyl-CoA reductase 1	Enzyme	399	0.426	0.885	4.4689e-14	0.01		1.0	1	0	2018	2018
Renal carcinoma	C1378703	DEFB1	1672	P60022	defensin beta 1		177	0.509	0.808	0.4059	0.01		1.0	1	0	2006	2006
Renal carcinoma	C1378703	TIMM8A	1678	O60220	translocase of inner mitochondrial membrane 8A		200	0.51	0.846	0.65195	0.01		1.0	1	0	2018	2018
Renal carcinoma	C1378703	DLD	1738	P09622	dihydrolipoamide dehydrogenase	Enzyme	190	0.517	0.769	0.0095142	0.01		1.0	1	0	2002	2002
Renal carcinoma	C1378703	UNC5B	219699	Q8IZJ1	unc-5 netrin receptor B	Receptor	38	0.682	0.462	2.6935e-07	0.01		1.0	1	0	2013	2013
Renal carcinoma	C1378703	HEPACAM	220296	Q14CZ8	hepatic and glial cell adhesion molecule		70	0.621	0.5	0.86791	0.01		1.0	1	0	2014	2014
Renal carcinoma	C1378703	CABIN1	23523	Q9Y6J0	calcineurin binding protein 1	Enzyme modulator	136	0.536	0.846	3.2844e-17	0.01		1.0	1	0	2017	2017
Renal carcinoma	C1378703	AMACR	23600	Q9UHK6	alpha-methylacyl-CoA racemase		179	0.51	0.769	0.027363	0.01		1.0	1	0	2009	2009
Renal carcinoma	C1378703	NUP62	23636	P37198	nucleoporin 62	Transporter	273	0.47	0.885	0.95006	0.01		1.0	1	0	2020	2020
Renal carcinoma	C1378703	GABARAPL1	23710	Q9H0R8	GABA type A receptor associated protein like 1	Cellular structure	30	0.691	0.5	0.83532	0.01		1.0	1	0	2015	2015
Renal carcinoma	C1378703	ALK	238	Q9UM73	ALK receptor tyrosine kinase	Kinase	519	0.396	0.846	3.2299e-06	0.01		1.0	1	0	2013	2013
Renal carcinoma	C1378703	ALOX5	240	P09917	arachidonate 5-lipoxygenase	Enzyme	342	0.447	0.885	1.2059e-06	0.01		1.0	1	0	2007	2007
Renal carcinoma	C1378703	FRK	2444	P42685	fyn related Src family tyrosine kinase	Kinase	43	0.674	0.5	1.8071e-12	0.01		1.0	1	0	2019	2019
Renal carcinoma	C1378703	CTAG1A	246100	P78358	cancer/testis antigen 1A		161	0.508	0.731		0.01		1.0	1	0	2013	2013
Renal carcinoma	C1378703	FRZB	2487	Q92765	frizzled related protein		89	0.573	0.654	0.0010842	0.01		1.0	1	0	2010	2010
Renal carcinoma	C1378703	NR5A1	2516	Q13285	nuclear receptor subfamily 5 group A member 1	Nuclear receptor	255	0.479	0.731	0.9896	0.01		1.0	1	0	2012	2012
Renal carcinoma	C1378703	STXBP4	252983	Q6ZWJ1	syntaxin binding protein 4		18	0.76	0.231	2.5154e-14	0.01		1.0	1	0	2020	2020
Renal carcinoma	C1378703	FNDC5	252995	Q8NAU1	fibronectin type III domain containing 5		61	0.631	0.538	0.5458	0.01		1.0	1	0	2018	2018
Renal carcinoma	C1378703	G6PD	2539	P11413	glucose-6-phosphate dehydrogenase	Enzyme	410	0.424	0.846	0.97158	0.01		1.0	1	0	2017	2017
Renal carcinoma	C1378703	GABPB1	2553	Q06547	GA binding protein transcription factor subunit beta 1		16	0.743	0.346	0.91121	0.01		1.0	1	0	2018	2018
Renal carcinoma	C1378703	PRDX5	25824	P30044	peroxiredoxin 5		153	0.522	0.808	0.00017921	0.01		1.0	1	0	2019	2019
Renal carcinoma	C1378703	RCHY1	25898	Q96PM5	ring finger and CHY zinc finger domain containing 1	Enzyme	26	0.716	0.462	0.066203	0.01		1.0	1	0	2013	2013
Renal carcinoma	C1378703	SF3B3	23450	Q15393	splicing factor 3b subunit 3	Nucleic acid binding	13	0.792	0.231	1.0	0.01		1.0	1	0	2017	2017
Renal carcinoma	C1378703	SIRT3	23410	Q9NTG7	sirtuin 3	Epigenetic regulator	227	0.488	0.731	0.00016261	0.01		1.0	1	0	2018	2018
Renal carcinoma	C1378703	HOXA11-AS	221883		HOXA11 antisense RNA		60	0.61	0.423		0.01		1.0	1	0	2018	2018
Renal carcinoma	C1378703	ALDH9A1	223	P49189	aldehyde dehydrogenase 9 family member A1	Enzyme	17	0.76	0.269	1.0995e-11	0.01		1.0	1	0	2015	2015
Renal carcinoma	C1378703	FKBP1A	2280	P62942	FKBP prolyl isomerase 1A	Enzyme	49	0.641	0.654	0.81452	0.01		1.0	1	0	2002	2002
Renal carcinoma	C1378703	FKBP1AP1	2282		FKBP prolyl isomerase 1A pseudogene 1		26	0.7	0.538		0.01		1.0	1	0	2002	2002
Renal carcinoma	C1378703	PHLDA1	22822	Q8WV24	pleckstrin homology like domain family A member 1		48	0.647	0.462	0.79833	0.01		1.0	1	0	2018	2018
Renal carcinoma	C1378703	FKBP1AP2	2283		FKBP prolyl isomerase 1A pseudogene 2		26	0.7	0.538		0.01		1.0	1	0	2002	2002
Renal carcinoma	C1378703	FKBP1AP3	2284		FKBP prolyl isomerase 1A pseudogene 3		26	0.7	0.538		0.01		1.0	1	0	2002	2002
Renal carcinoma	C1378703	FKBP1AP4	2285		FKBP prolyl isomerase 1A pseudogene 4		26	0.7	0.538		0.01		1.0	1	0	2002	2002
Renal carcinoma	C1378703	NLRP1	22861	Q9C000	NLR family pyrin domain containing 1		200	0.502	0.769	4.9693e-19	0.01		1.0	1	0	2004	2004
Renal carcinoma	C1378703	PLA2R1	22925	Q13018	phospholipase A2 receptor 1		59	0.633	0.577	3.2312e-30	0.01		1.0	1	0	2014	2014
Renal carcinoma	C1378703	DKK1	22943	O94907	dickkopf WNT signaling pathway inhibitor 1		372	0.439	0.885	0.17423	0.01		1.0	1	0	2011	2011
Renal carcinoma	C1378703	FOXM1	2305	Q08050	forkhead box M1		323	0.441	0.769	0.0007414	0.01		1.0	1	0	2018	2018
Renal carcinoma	C1378703	ZNF609	23060	O15014	zinc finger protein 609		18	0.751	0.346	1.0	0.01		1.0	1	0	2019	2019
Renal carcinoma	C1378703	KANK1	23189	Q14678	KN motif and ankyrin repeat domains 1		56	0.641	0.538	7.9821e-18	0.01		1.0	1	0	2014	2014
Renal carcinoma	C1378703	PPP1R13B	23368	Q96KQ4	protein phosphatase 1 regulatory subunit 13B	Enzyme modulator	70	0.599	0.692	0.99811	0.01		1.0	1	0	2018	2018
Renal carcinoma	C1378703	CRTC1	23373	Q6UUV9	CREB regulated transcription coactivator 1	Transcription factor	115	0.565	0.692	0.531	0.01		1.0	1	0	2012	2012
Renal carcinoma	C1378703	SOSTDC1	25928	Q6X4U4	sclerostin domain containing 1		83	0.588	0.808	0.16334	0.01		1.0	1	0	2010	2010
Renal carcinoma	C1378703	CREB3L4	148327	Q8TEY5	cAMP responsive element binding protein 3 like 4		24	0.722	0.385	5.1401e-06	0.01		1.0	1	0	2016	2016
Renal carcinoma	C1378703	NAT2	10	P11245	N-acetyltransferase 2	Enzyme	311	0.451	0.885	3.2744e-06	0.01		1.0	1	0	2007	2007
Renal carcinoma	C1378703	CDK2	1017	P24941	cyclin dependent kinase 2	Kinase	270	0.456	0.692	0.61054	0.01		1.0	1	0	2014	2014
Renal carcinoma	C1378703	ADAM10	102	O14672	ADAM metallopeptidase domain 10		224	0.489	0.846	1.0	0.01		1.0	1	0	2011	2011
Renal carcinoma	C1378703	CDK5	1020	Q00535	cyclin dependent kinase 5	Kinase	204	0.495	0.846	0.13892	0.01		1.0	1	0	2019	2019
Renal carcinoma	C1378703	DHRS2	10202	Q13268	dehydrogenase/reductase 2		20	0.736	0.385	8.7228e-07	0.01		1.0	1	0	2016	2016
Renal carcinoma	C1378703	PLIN3	10226	O60664	perilipin 3	Transporter	14	0.736	0.423	1.179e-07	0.01		1.0	1	0	2018	2018
Renal carcinoma	C1378703	CDKN1A	1026	P38936	cyclin dependent kinase inhibitor 1A		490	0.403	0.769	0.0018575	0.01		1.0	1	0	2017	2017
Renal carcinoma	C1378703	PAK4	10298	O96013	p21 (RAC1) activated kinase 4	Kinase	81	0.584	0.731	4.3602e-05	0.01		1.0	1	0	2016	2016
Renal carcinoma	C1378703	CDKN2B	1030	P42772	cyclin dependent kinase inhibitor 2B		440	0.417	0.769	0.0073369	0.01		1.0	1	0	2019	2019
Renal carcinoma	C1378703	CDR2	1039	Q01850	cerebellar degeneration related protein 2		45	0.647	0.654	4.299e-07	0.01		1.0	1	0	2009	2009
Renal carcinoma	C1378703	NDRG1	10397	Q92597	N-myc downstream regulated 1	Enzyme	225	0.488	0.731	0.011324	0.01		1.0	1	0	2003	2003
Renal carcinoma	C1378703	IRAIN	104472848		IGF1R antisense imprinted non-protein coding RNA		36	0.656	0.5		0.01		1.0	1	0	2009	2009
Renal carcinoma	C1378703	CIB1	10519	Q99828	calcium and integrin binding 1		275	0.458	0.769	0.00032612	0.01		1.0	1	0	2007	2007
Renal carcinoma	C1378703	ZNRD2	10534	O60232	zinc ribbon domain containing 2		311	0.443	0.769	1.8426e-07	0.01		1.0	1	0	2011	2011
Renal carcinoma	C1378703	CXCL13	10563	O43927	C-X-C motif chemokine ligand 13	Signaling	246	0.472	0.731	0.82566	0.01		1.0	1	0	2019	2019
Renal carcinoma	C1378703	P3H4	10609	Q92791	prolyl 3-hydroxylase family member 4 (inactive)	Extracellular structure	17	0.751	0.385	1.5029e-10	0.01		1.0	1	0	2018	2018
Renal carcinoma	C1378703	POSTN	10631	Q15063	periostin	Signaling	378	0.428	0.885	1.0666e-09	0.01		0.0	1	0	2004	2004
Renal carcinoma	C1378703	NAMPT	10135	P43490	nicotinamide phosphoribosyltransferase	Signaling	199	0.502	0.808	0.97914	0.01		1.0	1	0	2016	2016
Renal carcinoma	C1378703	SGK2	10110	Q9HBY8	serum/glucocorticoid regulated kinase 2	Kinase	13	0.78	0.192	2.1934e-12	0.01		1.0	1	0	2019	2019
Renal carcinoma	C1378703	OCTN3	100049579		organic cation transporter 3		8	0.805	0.308		0.01		1.0	1	0	2009	2009
Renal carcinoma	C1378703	SYCE1L	100130958	A8MT33	synaptonemal complex central element protein 1 like		97	0.57	0.654	2.4274e-14	0.01		1.0	1	0	2005	2005
Renal carcinoma	C1378703	FILNC1	100132735		FOXO induced long non-coding RNA 1		7	0.861	0.115		0.01		1.0	1	0	2017	2017
Renal carcinoma	C1378703	CD24	100133941	P25063	CD24 molecule		244	0.472	0.769		0.01		1.0	1	0	2018	2018
Renal carcinoma	C1378703	KLLN	100144748	B2CW77	killin, p53 regulated DNA replication inhibitor		95	0.578	0.654	0.0050546	0.01		1.0	1	0	2010	2010
Renal carcinoma	C1378703	UBAC2-AS1	100289373		UBAC2 antisense RNA 1		2	0.931	0.115		0.01		1.0	1	0	2018	2018
Renal carcinoma	C1378703	TMED7-TICAM2	100302736	Q86XR7;Q9Y3B3	TMED7-TICAM2 readthrough		329	0.438	0.769	0.0025936	0.01		1.0	1	0	2011	2011
Renal carcinoma	C1378703	CDH6	1004	P55285	cadherin 6		32	0.691	0.385	0.91966	0.01		1.0	1	0	2005	2005
Renal carcinoma	C1378703	MIR1260B	100422991		microRNA 1260b		21	0.711	0.423		0.01		1.0	1	0	2013	2013
Renal carcinoma	C1378703	MICA	100507436	Q29983	MHC class I polypeptide-related sequence A		248	0.473	0.846	0.0049697	0.01		1.0	1	0	2014	2014
Renal carcinoma	C1378703	EGFR-AS1	100507500		EGFR antisense RNA 1		20	0.722	0.192		0.01		1.0	1	0	2019	2019
Renal carcinoma	C1378703	RAB4B-EGLN2	100529264		RAB4B-EGLN2 readthrough (NMD candidate)		51	0.641	0.654		0.01		1.0	1	0	2009	2009
Renal carcinoma	C1378703	ERVE-4	100616105		endogenous retrovirus group E member 4		2	0.931	0.115		0.01		1.0	1	0	2016	2016
Renal carcinoma	C1378703	USH1C	10083	Q9Y6N9	USH1 protein network component harmonin	Cellular structure	62	0.628	0.538	3.9714e-18	0.01		0.0	1	0	1999	1999
Renal carcinoma	C1378703	LINC-ROR	100885779		long intergenic non-protein coding RNA, regulator of reprogramming		108	0.548	0.769		0.01		1.0	1	0	2017	2017
Renal carcinoma	C1378703	CDH11	1009	P55287	cadherin 11		203	0.512	0.808	0.9999	0.01		1.0	1	0	1999	1999
Renal carcinoma	C1378703	NPRL2	10641	Q8WTW4	NPR2 like, GATOR1 complex subunit	Enzyme	45	0.644	0.462	0.38813	0.01		1.0	1	0	2016	2016
Renal carcinoma	C1378703	KHDRBS1	10657	Q07666	KH RNA binding domain containing, signal transduction associated 1	Nucleic acid binding	289	0.457	0.846	0.99423	0.01		1.0	1	0	2020	2020
Renal carcinoma	C1378703	H3P23	115482696		H3 histone pseudogene 23		310	0.443	0.769		0.01		1.0	1	0	2011	2011
Renal carcinoma	C1378703	H3P10	115482713		H3 histone pseudogene 10		769	0.35	0.846		0.01		1.0	1	0	2008	2008
Renal carcinoma	C1378703	FOXP4	116113	Q8IVH2	forkhead box P4		30	0.7	0.346	0.98242	0.01		1.0	1	0	2019	2019
Renal carcinoma	C1378703	TWIST2	117581	Q8WVJ9	twist family bHLH transcription factor 2	Transcription factor	198	0.518	0.731	0.56004	0.01		1.0	1	0	2018	2018
Renal carcinoma	C1378703	TMEM132D	121256	Q14C87	transmembrane protein 132D		59	0.617	0.692	0.99907	0.01		1.0	1	0	2018	2018
Renal carcinoma	C1378703	CLTC	1213	Q00610	clathrin heavy chain	Transporter	141	0.558	0.769	1.0	0.01		1.0	1	0	2003	2003
Renal carcinoma	C1378703	CCR4	1233	P51679	C-C motif chemokine receptor 4	G-protein coupled receptor	168	0.51	0.731	0.06863	0.01		1.0	1	0	2017	2017
Renal carcinoma	C1378703	COL1A1	1277	P02452	collagen type I alpha 1 chain		487	0.43	0.808	1.0	0.01		1.0	1	0	2006	2006
Renal carcinoma	C1378703	COL4A3	1285	Q01955	collagen type IV alpha 3 chain		119	0.552	0.692	1.0699e-12	0.01		1.0	1	0	2010	2010
Renal carcinoma	C1378703	COMT	1312	P21964	catechol-O-methyltransferase	Enzyme	622	0.4	0.923	1.1377e-06	0.01		0.0	1	1	2016	2016
Renal carcinoma	C1378703	FAM92A	137392	A1XBS5	family with sequence similarity 92 member A		17	0.729	0.308	5.788e-08	0.01		1.0	1	0	2009	2009
Renal carcinoma	C1378703	CREB1	1385	P16220	cAMP responsive element binding protein 1		294	0.463	0.885	0.99673	0.01		1.0	1	0	2016	2016
Renal carcinoma	C1378703	CRH	1392	P06850	corticotropin releasing hormone	Signaling	402	0.439	0.808	0.71614	0.01		1.0	1	0	2016	2016
Renal carcinoma	C1378703	CRHBP	1393	P24387	corticotropin releasing hormone binding protein	Signaling	48	0.659	0.5	0.21476	0.01		1.0	1	0	2013	2013
Renal carcinoma	C1378703	CRYZ	1429	Q08257	crystallin zeta		145	0.524	0.731	5.6616e-23	0.01		1.0	1	0	1994	1994
Renal carcinoma	C1378703	TTBK2	146057	Q6IQ55	tau tubulin kinase 2	Kinase	46	0.682	0.423	0.99875	0.01		1.0	1	0	2012	2012
Renal carcinoma	C1378703	KLF8	11279	O95600	Kruppel like factor 8	Nucleic acid binding	55	0.628	0.462	0.0022471	0.01		1.0	1	0	2017	2017
Renal carcinoma	C1378703	LNCARSR	112577459		lncRNA regulator of Akt signaling associated with HCC and RCC		19	0.722	0.269		0.01		1.0	1	0	2016	2016
Renal carcinoma	C1378703	DCTN6	10671	O00399	dynactin subunit 6	Cellular structure	315	0.442	0.769	0.055741	0.01		1.0	1	0	2011	2011
Renal carcinoma	C1378703	MTCO2P12	107075310		MT-CO2 pseudogene 12		703	0.368	0.962		0.01		1.0	1	0	2017	2017
Renal carcinoma	C1378703	CHL1	10752	O00533	cell adhesion molecule L1 like		73	0.603	0.654	8.889e-12	0.01		1.0	1	0	2011	2011
Renal carcinoma	C1378703	GIPC1	10755	O14908	GIPC PDZ domain containing family member 1	Enzyme	54	0.628	0.577	0.0083114	0.01		1.0	1	0	2010	2010
Renal carcinoma	C1378703	NES	10763	P48681	nestin		302	0.45	0.808	1.6236e-06	0.01		1.0	1	0	2017	2017
Renal carcinoma	C1378703	LINC01852	107984773		long intergenic non-protein coding RNA 1852		8	0.821	0.192		0.01		1.0	1	0	2019	2019
Renal carcinoma	C1378703	CEACAM3	1084	P40198	CEA cell adhesion molecule 3		204	0.494	0.731	1.067e-09	0.01		1.0	1	0	2017	2017
Renal carcinoma	C1378703	PGRMC1	10857	O00264	progesterone receptor membrane component 1	Signaling	79	0.588	0.654	0.6711	0.01		1.0	1	0	2017	2017
Renal carcinoma	C1378703	CEACAM7	1087	Q14002	CEA cell adhesion molecule 7		202	0.494	0.769	1.3466e-07	0.01		1.0	1	0	2017	2017
Renal carcinoma	C1378703	NMU	10874	P48645	neuromedin U		68	0.61	0.808	0.00041549	0.01		1.0	1	0	2011	2011
Renal carcinoma	C1378703	PPARGC1A	10891	Q9UBK2	PPARG coactivator 1 alpha	Transcription factor	350	0.453	0.885	0.9973	0.01		1.0	1	0	2019	2019
Renal carcinoma	C1378703	COPS8	10920	Q99627	COP9 signalosome subunit 8	Signaling	13	0.805	0.231	0.72485	0.01		1.0	1	0	2017	2017
Renal carcinoma	C1378703	ESM1	11082	Q9NQ30	endothelial cell specific molecule 1		81	0.595	0.654	0.21202	0.01		1.0	1	0	2007	2007
Renal carcinoma	C1378703	LZTS1	11178	Q9Y250	leucine zipper tumor suppressor 1		50	0.633	0.385	0.95491	0.01		1.0	1	0	2004	2004
Renal carcinoma	C1378703	WIF1	11197	Q9Y5W5	WNT inhibitory factor 1	Calcium-binding protein	171	0.507	0.731	1.3249e-09	0.01		1.0	1	0	2009	2009
Renal carcinoma	C1378703	EGLN2	112398	Q96KS0	egl-9 family hypoxia inducible factor 2		68	0.604	0.731	0.72166	0.01		1.0	1	0	2009	2009
Renal carcinoma	C1378703	VCAN	1462	P13611	versican	Extracellular structure	205	0.497	0.808	1.0	0.01		1.0	1	0	2019	2019
Renal carcinoma	C1378703	CHMP2B	25978	Q9UQN3	charged multivesicular body protein 2B		177	0.543	0.731	4.6203e-06	0.01		1.0	1	0	2013	2013
Renal carcinoma	C1378703	ARG2	384	P78540	arginase 2	Enzyme	103	0.569	0.731	0.00018207	0.01		1.0	1	0	2018	2018
Renal carcinoma	C1378703	MIR199B	406978		microRNA 199b		71	0.588	0.615		0.01		1.0	1	0	2018	2018
Renal carcinoma	C1378703	MIR200A	406983		microRNA 200a		156	0.519	0.808		0.01		1.0	1	0	2018	2018
Renal carcinoma	C1378703	MIR200C	406985		microRNA 200c		202	0.486	0.846		0.01		1.0	1	0	2015	2015
Renal carcinoma	C1378703	MIR203A	406986		microRNA 203a		237	0.471	0.808		0.01		1.0	1	0	2015	2015
Renal carcinoma	C1378703	MIR205	406988		microRNA 205		210	0.482	0.846		0.01		1.0	1	0	2011	2011
Renal carcinoma	C1378703	MIR206	406989		microRNA 206		226	0.477	0.846		0.01		1.0	1	0	2016	2016
Renal carcinoma	C1378703	MIR211	406993		microRNA 211		106	0.552	0.577		0.01		1.0	1	0	2017	2017
Renal carcinoma	C1378703	MIR223	407008		microRNA 223		348	0.433	0.808		0.01		1.0	1	0	2019	2019
Renal carcinoma	C1378703	MIR224	407009		microRNA 224		128	0.534	0.654		0.01		1.0	1	0	2011	2011
Renal carcinoma	C1378703	MIR27A	407018		microRNA 27a		248	0.466	0.846		0.01		1.0	1	0	2014	2014
Renal carcinoma	C1378703	MIR27B	407019		microRNA 27b		141	0.529	0.769		0.01		1.0	1	0	2015	2015
Renal carcinoma	C1378703	MIR320A	407037		microRNA 320a		145	0.526	0.808		0.01		1.0	1	0	2018	2018
Renal carcinoma	C1378703	MIR33A	407039		microRNA 33a		100	0.56	0.654		0.01		1.0	1	0	2019	2019
Renal carcinoma	C1378703	MIR93	407050		microRNA 93		171	0.507	0.808		0.01		1.0	1	0	2014	2014
Renal carcinoma	C1378703	MIR99A	407055		microRNA 99a		122	0.536	0.808		0.01		1.0	1	0	2020	2020
Renal carcinoma	C1378703	MIR17HG	407975	Q75NE6	miR-17-92a-1 cluster host gene		224	0.483	0.808		0.01		1.0	1	0	2010	2010
Renal carcinoma	C1378703	MIR184	406960		microRNA 184		119	0.542	0.769		0.01		1.0	1	0	2019	2019
Renal carcinoma	C1378703	MIR17	406952		microRNA 17		270	0.459	0.846		0.01		1.0	1	0	2015	2015
Renal carcinoma	C1378703	TMIGD1	388364	Q6UXZ0	transmembrane and immunoglobulin domain containing 1		5	0.861	0.115	2.1298e-07	0.01		1.0	1	0	2018	2018
Renal carcinoma	C1378703	L1CAM	3897	P32004	L1 cell adhesion molecule		289	0.475	0.769	1.0	0.01		1.0	1	0	2011	2011
Renal carcinoma	C1378703	LDHA	3939	P00338	lactate dehydrogenase A	Enzyme	185	0.507	0.808	0.069173	0.01		1.0	1	0	2013	2013
Renal carcinoma	C1378703	LEP	3952	P41159	leptin		931	0.349	0.846	0.46491	0.01		1.0	1	0	2020	2020
Renal carcinoma	C1378703	LIFR	3977	P42702	LIF receptor subunit alpha	Signaling	198	0.523	0.808	1.4888e-13	0.01		1.0	1	0	2018	2018
Renal carcinoma	C1378703	LOXL2	4017	Q9Y4K0	lysyl oxidase like 2		149	0.527	0.731	3.3844e-07	0.01		1.0	1	0	2018	2018
Renal carcinoma	C1378703	LINC01194	404663		long intergenic non-protein coding RNA 1194		249	0.47	0.769		0.01		1.0	1	0	2009	2009
Renal carcinoma	C1378703	MIRLET7I	406891		microRNA let-7i		86	0.575	0.615		0.01		1.0	1	0	2010	2010
Renal carcinoma	C1378703	MIR106A	406899		microRNA 106a		140	0.524	0.846		0.01		1.0	1	0	2017	2017
Renal carcinoma	C1378703	MIR10B	406903		microRNA 10b		167	0.509	0.808		0.01		1.0	1	0	2016	2016
Renal carcinoma	C1378703	MIR125A	406910		microRNA 125a		225	0.48	0.769		0.01		1.0	1	0	2019	2019
Renal carcinoma	C1378703	MIR133A2	406923		microRNA 133a-2		8	0.805	0.269		0.01		1.0	1	0	2019	2019
Renal carcinoma	C1378703	MIR137	406928		microRNA 137		171	0.513	0.846		0.01		1.0	1	0	2019	2019
Renal carcinoma	C1378703	MIR141	406933		microRNA 141		179	0.497	0.808		0.01		1.0	1	0	2016	2016
Renal carcinoma	C1378703	MIR145	406937		microRNA 145		366	0.431	0.846		0.01		1.0	1	0	2013	2013
Renal carcinoma	C1378703	MIR154	406946		microRNA 154		71	0.593	0.577		0.01		1.0	1	0	2018	2018
Renal carcinoma	C1378703	MARCKS	4082	P29966	myristoylated alanine rich protein kinase C substrate		102	0.559	0.769	0.32648	0.01		1.0	1	0	2017	2017
Renal carcinoma	C1378703	MC2R	4158	Q01718	melanocortin 2 receptor	G-protein coupled receptor	109	0.582	0.654	0.00030712	0.01		1.0	1	0	2001	2001
Renal carcinoma	C1378703	NME1	4830	P15531	NME/NM23 nucleoside diphosphate kinase 1	Kinase	329	0.443	0.808	0.0031764	0.01		1.0	1	0	1995	1995
Renal carcinoma	C1378703	NPAS2	4862	Q99743	neuronal PAS domain protein 2		82	0.595	0.654	1.0	0.01		1.0	1	0	2019	2019
Renal carcinoma	C1378703	SLC11A2	4891	P49281	solute carrier family 11 member 2	Transporter	99	0.566	0.769	0.0066528	0.01		1.0	1	0	2013	2013
Renal carcinoma	C1378703	NTRK1	4914	P04629	neurotrophic receptor tyrosine kinase 1	Kinase	443	0.422	0.808	1.9568e-06	0.01		1.0	1	0	1997	1997
Renal carcinoma	C1378703	ROR1	4919	Q01973	receptor tyrosine kinase like orphan receptor 1	Kinase	109	0.552	0.731	0.99645	0.01		1.0	1	0	2005	2005
Renal carcinoma	C1378703	NUCB2	4925	P80303	nucleobindin 2	Calcium-binding protein	140	0.54	0.731	2.0028e-10	0.01		1.0	1	0	2018	2018
Renal carcinoma	C1378703	MIR375	494324		microRNA 375		226	0.476	0.769		0.01		1.0	1	0	2018	2018
Renal carcinoma	C1378703	ATP4A	495	P20648	ATPase H+/K+ transporting subunit alpha	Transporter	101	0.575	0.769	9.4424e-12	0.01		1.0	1	0	2017	2017
Renal carcinoma	C1378703	ODC1	4953	P11926	ornithine decarboxylase 1	Enzyme	184	0.51	0.731	0.16966	0.01		1.0	1	0	2018	2018
Renal carcinoma	C1378703	OGG1	4968	O15527	8-oxoguanine DNA glycosylase		313	0.453	0.808	3.9314e-12	0.01		1.0	1	0	2002	2002
Renal carcinoma	C1378703	ACO2	50	Q99798	aconitase 2	Enzyme	74	0.619	0.654	0.20791	0.01		1.0	1	0	2019	2019
Renal carcinoma	C1378703	DUXAP9	503638		double homeobox A pseudogene 9		48	0.628	0.423		0.01		1.0	1	0	2019	2019
Renal carcinoma	C1378703	NOX4	50507	Q9NPH5	NADPH oxidase 4	Enzyme	260	0.471	0.885	5.7555e-20	0.01		1.0	1	0	2018	2018
Renal carcinoma	C1378703	PRDX1	5052	Q06830	peroxiredoxin 1	Enzyme	237	0.485	0.846	7.6959e-10	0.01		1.0	1	0	2019	2019
Renal carcinoma	C1378703	PAK1	5058	Q13153	p21 (RAC1) activated kinase 1	Kinase	221	0.494	0.808	0.0013306	0.01		1.0	1	0	2007	2007
Renal carcinoma	C1378703	PAX2	5076	Q02962	paired box 2		216	0.495	0.731	0.66999	0.01		1.0	1	0	2008	2008
Renal carcinoma	C1378703	NGFR	4804	P08138	nerve growth factor receptor	Receptor	256	0.477	0.846	0.097889	0.01		1.0	1	0	2016	2016
Renal carcinoma	C1378703	ATP12A	479	P54707	ATPase H+/K+ transporting non-gastric alpha2 subunit	Transporter	102	0.575	0.769	7.1254e-14	0.01		1.0	1	0	2017	2017
Renal carcinoma	C1378703	MCL1	4170	Q07820	MCL1 apoptosis regulator, BCL2 family member	Signaling	375	0.43	0.808	0.96349	0.01		1.0	1	0	2014	2014
Renal carcinoma	C1378703	ME1	4199	P48163	malic enzyme 1	Enzyme	58	0.628	0.615	8.2005e-14	0.01		1.0	1	0	2018	2018
Renal carcinoma	C1378703	KITLG	4254	P21583	KIT ligand		249	0.473	0.885	0.85024	0.01		1.0	1	0	2002	2002
Renal carcinoma	C1378703	CRY2	1408	Q49AN0	cryptochrome circadian regulator 2	Enzyme	76	0.599	0.692	0.00031808	0.01		1.0	1	0	2019	2019
Renal carcinoma	C1378703	MME	4311	P08473	membrane metalloendopeptidase	Enzyme	470	0.407	0.808	1.465e-18	0.01		1.0	1	0	2010	2010
Renal carcinoma	C1378703	MMP2	4313	P08253	matrix metallopeptidase 2	Enzyme	1021	0.333	0.923	0.83878	0.01		1.0	1	0	2015	2015
Renal carcinoma	C1378703	MMP13	4322	P45452	matrix metallopeptidase 13	Enzyme	328	0.452	0.923	7.8767e-18	0.01		1.0	1	0	2019	2019
Renal carcinoma	C1378703	MMP16	4325	P51512	matrix metallopeptidase 16	Enzyme	58	0.626	0.577	0.91797	0.01		1.0	1	0	2018	2018
Renal carcinoma	C1378703	PRDM16-DT	440556		PRDM16 divergent transcript		9	0.805	0.231		0.01		1.0	1	0	2019	2019
Renal carcinoma	C1378703	MIAT	440823		myocardial infarction associated transcript		84	0.573	0.692		0.01		1.0	1	0	2018	2018
Renal carcinoma	C1378703	MIR346	442911		microRNA 346		52	0.631	0.615		0.01		1.0	1	0	2019	2019
Renal carcinoma	C1378703	COX2	4513	P00403	cytochrome c oxidase subunit II	Enzyme	875	0.352	0.962		0.01		1.0	1	0	2017	2017
Renal carcinoma	C1378703	MUC1	4582	P15941	mucin 1, cell surface associated		594	0.384	0.885	0.018774	0.01		1.0	1	0	2014	2014
Renal carcinoma	C1378703	MYB	4602	P10242	MYB proto-oncogene, transcription factor		206	0.49	0.692	0.81924	0.01		1.0	1	0	2019	2019
Renal carcinoma	C1378703	MYCL	4610	P12524	MYCL proto-oncogene, bHLH transcription factor	Transcription factor	79	0.599	0.731	0.11551	0.01		1.0	1	0	1996	1996
Renal carcinoma	C1378703	ATP1A1	476	P05023	ATPase Na+/K+ transporting subunit alpha 1	Transporter	89	0.601	0.808	1.0	0.01		1.0	1	0	2017	2017
Renal carcinoma	C1378703	F11R	50848	Q9Y624	F11 receptor		127	0.542	0.731	1.8487e-05	0.01		1.0	1	0	2009	2009
Renal carcinoma	C1378703	KIF11	3832	P52732	kinesin family member 11	Cellular structure	156	0.56	0.769	1.0	0.01		1.0	1	0	2019	2019
Renal carcinoma	C1378703	GATA3	2625	P23771	GATA binding protein 3		429	0.415	0.846	0.89887	0.01		1.0	1	0	2016	2016
Renal carcinoma	C1378703	TBK1	29110	Q9UHD2	TANK binding kinase 1	Kinase	207	0.513	0.846	0.075174	0.01		1.0	1	0	2020	2020
Renal carcinoma	C1378703	UHRF1	29128	Q96T88	ubiquitin like with PHD and ring finger domains 1		125	0.54	0.692		0.01		1.0	1	0	2009	2009
Renal carcinoma	C1378703	SLC25A5	292	P05141	solute carrier family 25 member 5	Transporter	29	0.736	0.346	0.93194	0.01		1.0	1	0	1996	1996
Renal carcinoma	C1378703	GRP	2922	P07492	gastrin releasing peptide		172	0.524	0.769	0.0025347	0.01		1.0	1	0	2000	2000
Renal carcinoma	C1378703	GSK3B	2932	P49841	glycogen synthase kinase 3 beta	Kinase	393	0.43	0.846	0.95571	0.01		1.0	1	0	2019	2019
Renal carcinoma	C1378703	GTF2H1	2965	P32780	general transcription factor IIH subunit 1	Transcription factor	258	0.469	0.846	0.98982	0.01		1.0	1	0	2020	2020
Renal carcinoma	C1378703	OSGIN1	29948	Q9UJX0	oxidative stress induced growth inhibitor 1		24	0.729	0.423	1.5746e-11	0.01		1.0	1	0	2004	2004
Renal carcinoma	C1378703	PSAT1	29968	Q9Y617	phosphoserine aminotransferase 1		285	0.478	0.846	1.0621e-08	0.01		1.0	1	0	2019	2019
Renal carcinoma	C1378703	ANXA2	302	P07355	annexin A2		294	0.453	0.808	9.7728e-05	0.01		1.0	1	0	2015	2015
Renal carcinoma	C1378703	ANXA5	308	P08758	annexin A5		283	0.458	0.769	3.7978e-15	0.01		1.0	1	0	2010	2010
Renal carcinoma	C1378703	HGF	3082	P14210	hepatocyte growth factor	Enzyme	671	0.374	0.885	0.99947	0.01		1.0	1	0	2004	2004
Renal carcinoma	C1378703	HLA-C	3107	P10321	major histocompatibility complex, class I, C		435	0.415	0.846	1.5695e-06	0.01		1.0	1	0	1997	1997
Renal carcinoma	C1378703	HMOX1	3162	P09601	heme oxygenase 1		666	0.381	0.923	0.0096817	0.01		1.0	1	0	2011	2011
Renal carcinoma	C1378703	APAF1	317	O14727	apoptotic peptidase activating factor 1		145	0.525	0.769	9.6242e-06	0.01		1.0	1	0	2006	2006
Renal carcinoma	C1378703	HNRNPA1	3178	P09651	heterogeneous nuclear ribonucleoprotein A1		188	0.529	0.885	0.99911	0.01		1.0	1	0	2018	2018
Renal carcinoma	C1378703	HOXB@	3210		homeobox B cluster		49	0.631	0.538		0.01		1.0	1	0	1992	1992
Renal carcinoma	C1378703	PYCARD	29108	Q9ULZ3	PYD and CARD domain containing	Enzyme	294	0.457	0.808	0.00019768	0.01		1.0	1	0	2015	2015
Renal carcinoma	C1378703	GRN	2896	P28799	granulin precursor		412	0.435	0.846	0.069666	0.01		1.0	1	0	2009	2009
Renal carcinoma	C1378703	GDF9	2661	O60383	growth differentiation factor 9	Signaling	44	0.644	0.385	5.5222e-06	0.01		1.0	1	0	2012	2012
Renal carcinoma	C1378703	GJB1	2705	P08034	gap junction protein beta 1	Cell-cell junction	224	0.514	0.731	0.84627	0.01		1.0	1	0	2005	2005
Renal carcinoma	C1378703	CACYBP	27101	Q9HB71	calcyclin binding protein	Enzyme	61	0.617	0.692	0.91984	0.01		1.0	1	0	2008	2008
Renal carcinoma	C1378703	DKK2	27123	Q9UBU2	dickkopf WNT signaling pathway inhibitor 2		74	0.599	0.692	0.75318	0.01		1.0	1	0	2009	2009
Renal carcinoma	C1378703	IL37	27178	Q9NZH6	interleukin 37		280	0.459	0.846	0.00012343	0.01		1.0	1	0	2019	2019
Renal carcinoma	C1378703	GPC3	2719	P51654	glypican 3		311	0.466	0.808	0.9982	0.01		1.0	1	0	2014	2014
Renal carcinoma	C1378703	PDCD4	27250	Q53EL6	programmed cell death 4	Nucleic acid binding	198	0.494	0.769	3.3572e-07	0.01		1.0	1	0	2017	2017
Renal carcinoma	C1378703	RPS6KA6	27330	Q9UK32	ribosomal protein S6 kinase A6	Kinase	37	0.686	0.385	0.9865	0.01		1.0	1	0	2012	2012
Renal carcinoma	C1378703	TMEM97	27346	Q5BJF2	transmembrane protein 97	Enzyme	78	0.604	0.615	0.00031267	0.01		1.0	1	0	2004	2004
Renal carcinoma	C1378703	GLO1	2739	Q04760	glyoxalase I		137	0.537	0.769	9.6718e-07	0.01		1.0	1	0	2015	2015
Renal carcinoma	C1378703	ABO	28	P16442	ABO, alpha 1-3-N-acetylgalactosaminyltransferase and alpha 1-3-galactosyltransferase	Enzyme	443	0.427	0.885		0.01		1.0	1	0	2018	2018
Renal carcinoma	C1378703	CXCR3	2833	P49682	C-X-C motif chemokine receptor 3	G-protein coupled receptor	367	0.436	0.808	0.181	0.01		1.0	1	0	2010	2010
Renal carcinoma	C1378703	LOC284454	284454		uncharacterized LOC284454		6	0.839	0.231		0.01		1.0	1	0	2018	2018
Renal carcinoma	C1378703	FAM83H	286077	Q6ZRV2	family with sequence similarity 83 member H		32	0.686	0.269	0.89239	0.01		1.0	1	0	2019	2019
Renal carcinoma	C1378703	GPX1	2876	P07203	glutathione peroxidase 1	Enzyme	290	0.458	0.923	3.8518e-05	0.01		1.0	1	0	2019	2019
Renal carcinoma	C1378703	GPX3	2878	P22352	glutathione peroxidase 3	Enzyme	156	0.522	0.769	0.050966	0.01		1.0	1	0	1992	1992
Renal carcinoma	C1378703	HOXB1	3211	P14653	homeobox B1		59	0.633	0.538	0.081766	0.01		1.0	1	0	1992	1992
Renal carcinoma	C1378703	HOXB2	3212	P14652	homeobox B2		52	0.612	0.577	0.00014636	0.01		1.0	1	0	1992	1992
Renal carcinoma	C1378703	IFNA2	3440	P01563	interferon alpha 2		355	0.442	0.885		0.01		1.0	1	0	1997	1997
Renal carcinoma	C1378703	IFNA17	3451	P01571	interferon alpha 17		47	0.636	0.615		0.01		1.0	1	0	1997	1997
Renal carcinoma	C1378703	IGF1	3479	P05019	insulin like growth factor 1		1206	0.318	0.885	0.2716	0.01		1.0	1	0	1999	1999
Renal carcinoma	C1378703	IGF1R	3480	P08069	insulin like growth factor 1 receptor	Kinase	556	0.399	0.885	0.96799	0.01		1.0	1	0	2009	2009
Renal carcinoma	C1378703	IGFBP7	3490	Q16270	insulin like growth factor binding protein 7		241	0.476	0.769	0.0012873	0.01		1.0	1	0	2009	2009
Renal carcinoma	C1378703	APOH	350	P02749	apolipoprotein H		121	0.563	0.769	1.5614e-15	0.01		1.0	1	0	2018	2018
Renal carcinoma	C1378703	TICAM2	353376	Q86XR7;Q9Y3B3	toll like receptor adaptor molecule 2		332	0.438	0.769	0.0025936	0.01		1.0	1	0	2011	2011
Renal carcinoma	C1378703	IL2RA	3559	P01589	interleukin 2 receptor subunit alpha	Receptor	540	0.389	0.885	0.054709	0.01		1.0	1	0	2006	2006
Renal carcinoma	C1378703	CXCL8	3576	P10145	C-X-C motif chemokine ligand 8	Signaling	1254	0.31	0.962	0.00027377	0.01		1.0	1	0	2019	2019
Renal carcinoma	C1378703	IL13	3596	P35225	interleukin 13		587	0.386	0.846	0.014426	0.01		1.0	1	0	1995	1995
Renal carcinoma	C1378703	IL18	3606	Q14116	interleukin 18		750	0.365	0.923	0.030717	0.01		1.0	1	0	2010	2010
Renal carcinoma	C1378703	IDO1	3620	P14902	indoleamine 2,3-dioxygenase 1		295	0.454	0.846	3.3013e-06	0.01		1.0	1	0	2009	2009
Renal carcinoma	C1378703	INSRR	3645	P14616	insulin receptor related receptor	Kinase	186	0.508	0.808	5.3976e-24	0.01		1.0	1	0	2019	2019
Renal carcinoma	C1378703	ISG20	3669	Q96AZ6	interferon stimulated exonuclease gene 20		414	0.414	0.846	0.002899	0.01		1.0	1	0	2006	2006
Renal carcinoma	C1378703	ITGB2	3689	P05107	integrin subunit beta 2	Receptor	340	0.444	0.923	5.0817e-15	0.01		1.0	1	0	2019	2019
Renal carcinoma	C1378703	KIR3DL1	3811	P43629	killer cell immunoglobulin like receptor, three Ig domains and long cytoplasmic tail 1	Receptor	231	0.475	0.769	8.3578e-14	0.01		1.0	1	0	2010	2010
Renal carcinoma	C1378703	IFN1@	3438		interferon, type 1, cluster		109	0.565	0.731		0.01		1.0	1	0	1997	1997
Renal carcinoma	C1378703	IFI27	3429	P40305	interferon alpha inducible protein 27		332	0.437	0.769	0.010698	0.01		1.0	1	0	2011	2011
Renal carcinoma	C1378703	HOXB3	3213	P14651	homeobox B3		49	0.631	0.615	0.8917	0.01		1.0	1	0	1992	1992
Renal carcinoma	C1378703	HOXB4	3214	P17483	homeobox B4		44	0.647	0.423	0.059777	0.01		1.0	1	0	1992	1992
Renal carcinoma	C1378703	HOXB5	3215	P09067	homeobox B5	Transcription factor	43	0.644	0.577	0.69589	0.01		1.0	1	0	1992	1992
Renal carcinoma	C1378703	HOXB6	3216	P17509	homeobox B6	Transcription factor	28	0.666	0.385	0.00073817	0.01		1.0	1	0	1992	1992
Renal carcinoma	C1378703	HOXB7	3217	P09629	homeobox B7	Transcription factor	93	0.57	0.615	0.00028382	0.01		1.0	1	0	1992	1992
Renal carcinoma	C1378703	HOXB8	3218	P17481	homeobox B8		46	0.636	0.538	0.84752	0.01		1.0	1	0	1992	1992
Renal carcinoma	C1378703	HOXB9	3219	P17482	homeobox B9		83	0.572	0.654	0.31202	0.01		1.0	1	0	1992	1992
Renal carcinoma	C1378703	HOXC@	3220		homeobox C cluster		33	0.695	0.462		0.01		1.0	1	0	2015	2015
Renal carcinoma	C1378703	ZAR1	326340	Q86SH2	zygote arrest 1		32	0.674	0.269	4.3531e-05	0.01		1.0	1	0	2019	2019
Renal carcinoma	C1378703	HRAS	3265	P01112	HRas proto-oncogene, GTPase	Enzyme modulator	698	0.378	0.885	0.079774	0.01		1.0	1	0	1990	1990
Renal carcinoma	C1378703	HRC	3270	P23327	histidine rich calcium binding protein		48	0.663	0.577	9.9367e-09	0.01		1.0	1	0	2004	2004
Renal carcinoma	C1378703	HSP90AA1	3320	P07900	heat shock protein 90 alpha family class A member 1	Chaperone	455	0.411	0.923	0.86025	0.01		1.0	1	0	2012	2012
Renal carcinoma	C1378703	HSPD1	3329	P10809	heat shock protein family D (Hsp60) member 1		398	0.432	0.808	0.99257	0.01		1.0	1	0	2019	2019
Renal carcinoma	C1378703	APOA1	335	P02647	apolipoprotein A1		416	0.429	0.885	0.00054909	0.01		1.0	1	0	2015	2015
Renal carcinoma	C1378703	ICAM1	3383	P05362	intercellular adhesion molecule 1		737	0.364	0.962	0.035295	0.01		1.0	1	0	1992	1992
Renal carcinoma	C1378703	IDH1	3417	O75874	isocitrate dehydrogenase (NADP(+)) 1		399	0.424	0.808	2.6244e-12	0.01		1.0	1	0	2016	2016
Renal carcinoma	C1378703	KISS1	3814	Q15726	KiSS-1 metastasis suppressor		179	0.507	0.808	0.49039	0.01		1.0	1	0	2012	2012
